--
-- PostgreSQL database dump
--

-- Dumped from database version 12.12 (Ubuntu 12.12-0ubuntu0.20.04.1)
-- Dumped by pg_dump version 12.12 (Ubuntu 12.12-0ubuntu0.20.04.1)

SET statement_timeout = 0;
SET lock_timeout = 0;
SET idle_in_transaction_session_timeout = 0;
SET client_encoding = 'UTF8';
SET standard_conforming_strings = on;
SELECT pg_catalog.set_config('search_path', '', false);
SET check_function_bodies = false;
SET xmloption = content;
SET client_min_messages = warning;
SET row_security = off;

SET default_tablespace = '';

SET default_table_access_method = heap;

--
-- Name: account_backlogs; Type: TABLE; Schema: public; Owner: postgres
--

CREATE TABLE public.account_backlogs (
    id bigint NOT NULL,
    id_proyecto_id bigint NOT NULL
);


ALTER TABLE public.account_backlogs OWNER TO postgres;

--
-- Name: account_backlogs_id_seq; Type: SEQUENCE; Schema: public; Owner: postgres
--

ALTER TABLE public.account_backlogs ALTER COLUMN id ADD GENERATED BY DEFAULT AS IDENTITY (
    SEQUENCE NAME public.account_backlogs_id_seq
    START WITH 1
    INCREMENT BY 1
    NO MINVALUE
    NO MAXVALUE
    CACHE 1
);


--
-- Name: account_estados; Type: TABLE; Schema: public; Owner: postgres
--

CREATE TABLE public.account_estados (
    id bigint NOT NULL,
    nombre_estado character varying(30) NOT NULL,
    posicion integer NOT NULL,
    id_tipo_user_story_id bigint
);


ALTER TABLE public.account_estados OWNER TO postgres;

--
-- Name: account_estados_id_seq; Type: SEQUENCE; Schema: public; Owner: postgres
--

ALTER TABLE public.account_estados ALTER COLUMN id ADD GENERATED BY DEFAULT AS IDENTITY (
    SEQUENCE NAME public.account_estados_id_seq
    START WITH 1
    INCREMENT BY 1
    NO MINVALUE
    NO MAXVALUE
    CACHE 1
);


--
-- Name: account_kanban; Type: TABLE; Schema: public; Owner: postgres
--

CREATE TABLE public.account_kanban (
    id bigint NOT NULL,
    colum integer NOT NULL,
    fila integer NOT NULL
);


ALTER TABLE public.account_kanban OWNER TO postgres;

--
-- Name: account_kanban_id_seq; Type: SEQUENCE; Schema: public; Owner: postgres
--

ALTER TABLE public.account_kanban ALTER COLUMN id ADD GENERATED BY DEFAULT AS IDENTITY (
    SEQUENCE NAME public.account_kanban_id_seq
    START WITH 1
    INCREMENT BY 1
    NO MINVALUE
    NO MAXVALUE
    CACHE 1
);


--
-- Name: account_logestados; Type: TABLE; Schema: public; Owner: postgres
--

CREATE TABLE public.account_logestados (
    id bigint NOT NULL,
    fecha_creacion timestamp with time zone NOT NULL,
    usuario_responsable text NOT NULL,
    descripcion_action character varying(10000) NOT NULL,
    nombre_estado character varying(30) NOT NULL,
    posicion integer NOT NULL,
    id_tipo_user_story_id bigint
);


ALTER TABLE public.account_logestados OWNER TO postgres;

--
-- Name: account_logestados_id_seq; Type: SEQUENCE; Schema: public; Owner: postgres
--

ALTER TABLE public.account_logestados ALTER COLUMN id ADD GENERATED BY DEFAULT AS IDENTITY (
    SEQUENCE NAME public.account_logestados_id_seq
    START WITH 1
    INCREMENT BY 1
    NO MINVALUE
    NO MAXVALUE
    CACHE 1
);


--
-- Name: account_logmiembro_sprint; Type: TABLE; Schema: public; Owner: postgres
--

CREATE TABLE public.account_logmiembro_sprint (
    id bigint NOT NULL,
    fecha_creacion timestamp with time zone NOT NULL,
    usuario_responsable text NOT NULL,
    descripcion_action character varying(10000) NOT NULL,
    horas_trabajo integer,
    sprint_id integer NOT NULL,
    usuario_id integer NOT NULL
);


ALTER TABLE public.account_logmiembro_sprint OWNER TO postgres;

--
-- Name: account_logmiembro_sprint_id_seq; Type: SEQUENCE; Schema: public; Owner: postgres
--

ALTER TABLE public.account_logmiembro_sprint ALTER COLUMN id ADD GENERATED BY DEFAULT AS IDENTITY (
    SEQUENCE NAME public.account_logmiembro_sprint_id_seq
    START WITH 1
    INCREMENT BY 1
    NO MINVALUE
    NO MAXVALUE
    CACHE 1
);


--
-- Name: account_logmiembros; Type: TABLE; Schema: public; Owner: postgres
--

CREATE TABLE public.account_logmiembros (
    id bigint NOT NULL,
    fecha_creacion timestamp with time zone NOT NULL,
    usuario_responsable text NOT NULL,
    descripcion_action character varying(10000) NOT NULL,
    id_proyecto_id bigint NOT NULL,
    id_usuario_id integer NOT NULL
);


ALTER TABLE public.account_logmiembros OWNER TO postgres;

--
-- Name: account_logmiembros_id_rol; Type: TABLE; Schema: public; Owner: postgres
--

CREATE TABLE public.account_logmiembros_id_rol (
    id bigint NOT NULL,
    logmiembros_id bigint NOT NULL,
    rol_id bigint NOT NULL
);


ALTER TABLE public.account_logmiembros_id_rol OWNER TO postgres;

--
-- Name: account_logmiembros_id_rol_id_seq; Type: SEQUENCE; Schema: public; Owner: postgres
--

ALTER TABLE public.account_logmiembros_id_rol ALTER COLUMN id ADD GENERATED BY DEFAULT AS IDENTITY (
    SEQUENCE NAME public.account_logmiembros_id_rol_id_seq
    START WITH 1
    INCREMENT BY 1
    NO MINVALUE
    NO MAXVALUE
    CACHE 1
);


--
-- Name: account_logmiembros_id_seq; Type: SEQUENCE; Schema: public; Owner: postgres
--

ALTER TABLE public.account_logmiembros ALTER COLUMN id ADD GENERATED BY DEFAULT AS IDENTITY (
    SEQUENCE NAME public.account_logmiembros_id_seq
    START WITH 1
    INCREMENT BY 1
    NO MINVALUE
    NO MAXVALUE
    CACHE 1
);


--
-- Name: account_logproyectos; Type: TABLE; Schema: public; Owner: postgres
--

CREATE TABLE public.account_logproyectos (
    id bigint NOT NULL,
    fecha_creacion text,
    usuario_responsable text NOT NULL,
    descripcion_action character varying(10000) NOT NULL,
    nombre_proyecto character varying(30) NOT NULL,
    desc_proyecto text NOT NULL,
    estado_proyecto character varying(11) NOT NULL,
    fecha_inicio date NOT NULL,
    fecha_fin date NOT NULL,
    id_proyecto_id bigint,
    scrum_master_id integer
);


ALTER TABLE public.account_logproyectos OWNER TO postgres;

--
-- Name: account_logproyectos_id_seq; Type: SEQUENCE; Schema: public; Owner: postgres
--

ALTER TABLE public.account_logproyectos ALTER COLUMN id ADD GENERATED BY DEFAULT AS IDENTITY (
    SEQUENCE NAME public.account_logproyectos_id_seq
    START WITH 1
    INCREMENT BY 1
    NO MINVALUE
    NO MAXVALUE
    CACHE 1
);


--
-- Name: account_logrol; Type: TABLE; Schema: public; Owner: postgres
--

CREATE TABLE public.account_logrol (
    id bigint NOT NULL,
    fecha_creacion timestamp with time zone NOT NULL,
    usuario_responsable text NOT NULL,
    descripcion_action character varying(10000) NOT NULL,
    rol character varying(20),
    desc_rol text NOT NULL,
    proyecto_id bigint
);


ALTER TABLE public.account_logrol OWNER TO postgres;

--
-- Name: account_logrol_id_seq; Type: SEQUENCE; Schema: public; Owner: postgres
--

ALTER TABLE public.account_logrol ALTER COLUMN id ADD GENERATED BY DEFAULT AS IDENTITY (
    SEQUENCE NAME public.account_logrol_id_seq
    START WITH 1
    INCREMENT BY 1
    NO MINVALUE
    NO MAXVALUE
    CACHE 1
);


--
-- Name: account_logrol_permisos; Type: TABLE; Schema: public; Owner: postgres
--

CREATE TABLE public.account_logrol_permisos (
    id bigint NOT NULL,
    logrol_id bigint NOT NULL,
    permission_id integer NOT NULL
);


ALTER TABLE public.account_logrol_permisos OWNER TO postgres;

--
-- Name: account_logrol_permisos_id_seq; Type: SEQUENCE; Schema: public; Owner: postgres
--

ALTER TABLE public.account_logrol_permisos ALTER COLUMN id ADD GENERATED BY DEFAULT AS IDENTITY (
    SEQUENCE NAME public.account_logrol_permisos_id_seq
    START WITH 1
    INCREMENT BY 1
    NO MINVALUE
    NO MAXVALUE
    CACHE 1
);


--
-- Name: account_logsprint; Type: TABLE; Schema: public; Owner: postgres
--

CREATE TABLE public.account_logsprint (
    fecha_creacion text,
    usuario_responsable text NOT NULL,
    descripcion_action character varying(10000) NOT NULL,
    id integer NOT NULL,
    nombre_sprint character varying(30) NOT NULL,
    desc_sprint text NOT NULL,
    estado_sprint character varying(12) NOT NULL,
    fecha_inicio date,
    duracion_dias integer,
    capacidad integer NOT NULL,
    id_proyecto_id bigint,
    id_sprint_id integer
);


ALTER TABLE public.account_logsprint OWNER TO postgres;

--
-- Name: account_logsprint_id_seq; Type: SEQUENCE; Schema: public; Owner: postgres
--

ALTER TABLE public.account_logsprint ALTER COLUMN id ADD GENERATED BY DEFAULT AS IDENTITY (
    SEQUENCE NAME public.account_logsprint_id_seq
    START WITH 1
    INCREMENT BY 1
    NO MINVALUE
    NO MAXVALUE
    CACHE 1
);


--
-- Name: account_logtipo_user_story; Type: TABLE; Schema: public; Owner: postgres
--

CREATE TABLE public.account_logtipo_user_story (
    id bigint NOT NULL,
    fecha_creacion timestamp with time zone NOT NULL,
    usuario_responsable text NOT NULL,
    descripcion_action character varying(10000) NOT NULL,
    nombre_tipo_us character varying(30) NOT NULL,
    id_proyecto_id bigint
);


ALTER TABLE public.account_logtipo_user_story OWNER TO postgres;

--
-- Name: account_logtipo_user_story_id_seq; Type: SEQUENCE; Schema: public; Owner: postgres
--

ALTER TABLE public.account_logtipo_user_story ALTER COLUMN id ADD GENERATED BY DEFAULT AS IDENTITY (
    SEQUENCE NAME public.account_logtipo_user_story_id_seq
    START WITH 1
    INCREMENT BY 1
    NO MINVALUE
    NO MAXVALUE
    CACHE 1
);


--
-- Name: account_loguserstory; Type: TABLE; Schema: public; Owner: postgres
--

CREATE TABLE public.account_loguserstory (
    fecha_creacion text,
    usuario_responsable text NOT NULL,
    descripcion_action character varying(10000) NOT NULL,
    id integer NOT NULL,
    nombre_us character varying(30) NOT NULL,
    desc_us text NOT NULL,
    horas_estimadas integer NOT NULL,
    horas_trabajadas integer NOT NULL,
    prioridad_us character varying(10) NOT NULL,
    estado text NOT NULL,
    encargado_id integer,
    id_proyecto_id bigint,
    id_sprint_id integer,
    id_tipo_user_story_id bigint,
    id_user_story_id integer
);


ALTER TABLE public.account_loguserstory OWNER TO postgres;

--
-- Name: account_loguserstory_id_seq; Type: SEQUENCE; Schema: public; Owner: postgres
--

ALTER TABLE public.account_loguserstory ALTER COLUMN id ADD GENERATED BY DEFAULT AS IDENTITY (
    SEQUENCE NAME public.account_loguserstory_id_seq
    START WITH 1
    INCREMENT BY 1
    NO MINVALUE
    NO MAXVALUE
    CACHE 1
);


--
-- Name: account_miembro_sprint; Type: TABLE; Schema: public; Owner: postgres
--

CREATE TABLE public.account_miembro_sprint (
    id bigint NOT NULL,
    horas_trabajo integer,
    sprint_id integer NOT NULL,
    usuario_id integer NOT NULL
);


ALTER TABLE public.account_miembro_sprint OWNER TO postgres;

--
-- Name: account_miembro_sprint_id_seq; Type: SEQUENCE; Schema: public; Owner: postgres
--

ALTER TABLE public.account_miembro_sprint ALTER COLUMN id ADD GENERATED BY DEFAULT AS IDENTITY (
    SEQUENCE NAME public.account_miembro_sprint_id_seq
    START WITH 1
    INCREMENT BY 1
    NO MINVALUE
    NO MAXVALUE
    CACHE 1
);


--
-- Name: account_miembros; Type: TABLE; Schema: public; Owner: postgres
--

CREATE TABLE public.account_miembros (
    id bigint NOT NULL,
    id_proyecto_id bigint NOT NULL,
    id_usuario_id integer NOT NULL
);


ALTER TABLE public.account_miembros OWNER TO postgres;

--
-- Name: account_miembros_id_rol; Type: TABLE; Schema: public; Owner: postgres
--

CREATE TABLE public.account_miembros_id_rol (
    id bigint NOT NULL,
    miembros_id bigint NOT NULL,
    rol_id bigint NOT NULL
);


ALTER TABLE public.account_miembros_id_rol OWNER TO postgres;

--
-- Name: account_miembros_id_rol_id_seq; Type: SEQUENCE; Schema: public; Owner: postgres
--

ALTER TABLE public.account_miembros_id_rol ALTER COLUMN id ADD GENERATED BY DEFAULT AS IDENTITY (
    SEQUENCE NAME public.account_miembros_id_rol_id_seq
    START WITH 1
    INCREMENT BY 1
    NO MINVALUE
    NO MAXVALUE
    CACHE 1
);


--
-- Name: account_miembros_id_seq; Type: SEQUENCE; Schema: public; Owner: postgres
--

ALTER TABLE public.account_miembros ALTER COLUMN id ADD GENERATED BY DEFAULT AS IDENTITY (
    SEQUENCE NAME public.account_miembros_id_seq
    START WITH 1
    INCREMENT BY 1
    NO MINVALUE
    NO MAXVALUE
    CACHE 1
);


--
-- Name: account_permisos; Type: TABLE; Schema: public; Owner: postgres
--

CREATE TABLE public.account_permisos (
    id bigint NOT NULL,
    nombre_permisos character varying(30) NOT NULL,
    desc_permisos text NOT NULL
);


ALTER TABLE public.account_permisos OWNER TO postgres;

--
-- Name: account_permisos_id_seq; Type: SEQUENCE; Schema: public; Owner: postgres
--

ALTER TABLE public.account_permisos ALTER COLUMN id ADD GENERATED BY DEFAULT AS IDENTITY (
    SEQUENCE NAME public.account_permisos_id_seq
    START WITH 1
    INCREMENT BY 1
    NO MINVALUE
    NO MAXVALUE
    CACHE 1
);


--
-- Name: account_permission; Type: TABLE; Schema: public; Owner: postgres
--

CREATE TABLE public.account_permission (
    permission_ptr_id integer NOT NULL
);


ALTER TABLE public.account_permission OWNER TO postgres;

--
-- Name: account_profile; Type: TABLE; Schema: public; Owner: postgres
--

CREATE TABLE public.account_profile (
    id bigint NOT NULL,
    telefono character varying(30) NOT NULL,
    email character varying(30) NOT NULL,
    is_active boolean NOT NULL,
    user_id integer NOT NULL
);


ALTER TABLE public.account_profile OWNER TO postgres;

--
-- Name: account_profile_id_seq; Type: SEQUENCE; Schema: public; Owner: postgres
--

ALTER TABLE public.account_profile ALTER COLUMN id ADD GENERATED BY DEFAULT AS IDENTITY (
    SEQUENCE NAME public.account_profile_id_seq
    START WITH 1
    INCREMENT BY 1
    NO MINVALUE
    NO MAXVALUE
    CACHE 1
);


--
-- Name: account_proyectos; Type: TABLE; Schema: public; Owner: postgres
--

CREATE TABLE public.account_proyectos (
    id bigint NOT NULL,
    nombre_proyecto character varying(30) NOT NULL,
    desc_proyecto text NOT NULL,
    estado_proyecto character varying(11) NOT NULL,
    fecha_inicio date NOT NULL,
    fecha_fin date NOT NULL,
    scrum_master_id integer,
    cancelar text
);


ALTER TABLE public.account_proyectos OWNER TO postgres;

--
-- Name: account_proyectos_id_seq; Type: SEQUENCE; Schema: public; Owner: postgres
--

ALTER TABLE public.account_proyectos ALTER COLUMN id ADD GENERATED BY DEFAULT AS IDENTITY (
    SEQUENCE NAME public.account_proyectos_id_seq
    START WITH 1
    INCREMENT BY 1
    NO MINVALUE
    NO MAXVALUE
    CACHE 1
);


--
-- Name: account_reportes; Type: TABLE; Schema: public; Owner: postgres
--

CREATE TABLE public.account_reportes (
    id integer NOT NULL,
    nombre_report character varying(30) NOT NULL,
    desc_report text NOT NULL
);


ALTER TABLE public.account_reportes OWNER TO postgres;

--
-- Name: account_reportes_id_seq; Type: SEQUENCE; Schema: public; Owner: postgres
--

ALTER TABLE public.account_reportes ALTER COLUMN id ADD GENERATED BY DEFAULT AS IDENTITY (
    SEQUENCE NAME public.account_reportes_id_seq
    START WITH 1
    INCREMENT BY 1
    NO MINVALUE
    NO MAXVALUE
    CACHE 1
);


--
-- Name: account_reuniones; Type: TABLE; Schema: public; Owner: postgres
--

CREATE TABLE public.account_reuniones (
    id bigint NOT NULL,
    nombre_reunion character varying(30) NOT NULL,
    desc_reunion text NOT NULL,
    lugar_reunion character varying(30) NOT NULL,
    fecha_reunion date NOT NULL,
    hora_reunion timestamp with time zone NOT NULL
);


ALTER TABLE public.account_reuniones OWNER TO postgres;

--
-- Name: account_reuniones_id_seq; Type: SEQUENCE; Schema: public; Owner: postgres
--

ALTER TABLE public.account_reuniones ALTER COLUMN id ADD GENERATED BY DEFAULT AS IDENTITY (
    SEQUENCE NAME public.account_reuniones_id_seq
    START WITH 1
    INCREMENT BY 1
    NO MINVALUE
    NO MAXVALUE
    CACHE 1
);


--
-- Name: account_rol; Type: TABLE; Schema: public; Owner: postgres
--

CREATE TABLE public.account_rol (
    id bigint NOT NULL,
    rol character varying(20),
    desc_rol text NOT NULL,
    proyecto_id bigint
);


ALTER TABLE public.account_rol OWNER TO postgres;

--
-- Name: account_rol_id_seq; Type: SEQUENCE; Schema: public; Owner: postgres
--

ALTER TABLE public.account_rol ALTER COLUMN id ADD GENERATED BY DEFAULT AS IDENTITY (
    SEQUENCE NAME public.account_rol_id_seq
    START WITH 1
    INCREMENT BY 1
    NO MINVALUE
    NO MAXVALUE
    CACHE 1
);


--
-- Name: account_rol_permisos; Type: TABLE; Schema: public; Owner: postgres
--

CREATE TABLE public.account_rol_permisos (
    id bigint NOT NULL,
    rol_id bigint NOT NULL,
    permission_id integer NOT NULL
);


ALTER TABLE public.account_rol_permisos OWNER TO postgres;

--
-- Name: account_rol_permisos_id_seq; Type: SEQUENCE; Schema: public; Owner: postgres
--

ALTER TABLE public.account_rol_permisos ALTER COLUMN id ADD GENERATED BY DEFAULT AS IDENTITY (
    SEQUENCE NAME public.account_rol_permisos_id_seq
    START WITH 1
    INCREMENT BY 1
    NO MINVALUE
    NO MAXVALUE
    CACHE 1
);


--
-- Name: account_sprint; Type: TABLE; Schema: public; Owner: postgres
--

CREATE TABLE public.account_sprint (
    id integer NOT NULL,
    nombre_sprint character varying(30) NOT NULL,
    desc_sprint text NOT NULL,
    estado_sprint character varying(12) NOT NULL,
    fecha_inicio date,
    duracion_dias integer,
    capacidad integer NOT NULL,
    capacidad_restante integer NOT NULL,
    id_proyecto_id bigint,
    cancel text
);


ALTER TABLE public.account_sprint OWNER TO postgres;

--
-- Name: account_sprint_id_seq; Type: SEQUENCE; Schema: public; Owner: postgres
--

ALTER TABLE public.account_sprint ALTER COLUMN id ADD GENERATED BY DEFAULT AS IDENTITY (
    SEQUENCE NAME public.account_sprint_id_seq
    START WITH 1
    INCREMENT BY 1
    NO MINVALUE
    NO MAXVALUE
    CACHE 1
);


--
-- Name: account_sprintbacklog; Type: TABLE; Schema: public; Owner: postgres
--

CREATE TABLE public.account_sprintbacklog (
    id integer NOT NULL,
    nombre_sprint_b character varying(30) NOT NULL,
    desc_sprint_b text NOT NULL
);


ALTER TABLE public.account_sprintbacklog OWNER TO postgres;

--
-- Name: account_sprintbacklog_id_seq; Type: SEQUENCE; Schema: public; Owner: postgres
--

ALTER TABLE public.account_sprintbacklog ALTER COLUMN id ADD GENERATED BY DEFAULT AS IDENTITY (
    SEQUENCE NAME public.account_sprintbacklog_id_seq
    START WITH 1
    INCREMENT BY 1
    NO MINVALUE
    NO MAXVALUE
    CACHE 1
);


--
-- Name: account_tareauserstory; Type: TABLE; Schema: public; Owner: postgres
--

CREATE TABLE public.account_tareauserstory (
    id bigint NOT NULL,
    fecha date NOT NULL,
    desc_tarea text NOT NULL,
    duracion integer NOT NULL,
    id_user_story_id integer
);


ALTER TABLE public.account_tareauserstory OWNER TO postgres;

--
-- Name: account_tareauserstory_id_seq; Type: SEQUENCE; Schema: public; Owner: postgres
--

ALTER TABLE public.account_tareauserstory ALTER COLUMN id ADD GENERATED BY DEFAULT AS IDENTITY (
    SEQUENCE NAME public.account_tareauserstory_id_seq
    START WITH 1
    INCREMENT BY 1
    NO MINVALUE
    NO MAXVALUE
    CACHE 1
);


--
-- Name: account_tipo_user_story; Type: TABLE; Schema: public; Owner: postgres
--

CREATE TABLE public.account_tipo_user_story (
    id bigint NOT NULL,
    nombre_tipo_us character varying(30) NOT NULL,
    id_proyecto_id bigint
);


ALTER TABLE public.account_tipo_user_story OWNER TO postgres;

--
-- Name: account_tipo_user_story_id_seq; Type: SEQUENCE; Schema: public; Owner: postgres
--

ALTER TABLE public.account_tipo_user_story ALTER COLUMN id ADD GENERATED BY DEFAULT AS IDENTITY (
    SEQUENCE NAME public.account_tipo_user_story_id_seq
    START WITH 1
    INCREMENT BY 1
    NO MINVALUE
    NO MAXVALUE
    CACHE 1
);


--
-- Name: account_userstory; Type: TABLE; Schema: public; Owner: postgres
--

CREATE TABLE public.account_userstory (
    id integer NOT NULL,
    nombre_us character varying(30) NOT NULL,
    desc_us text NOT NULL,
    horas_estimadas integer NOT NULL,
    horas_trabajadas integer NOT NULL,
    prioridad_tecnica integer NOT NULL,
    prioridad_negocio integer NOT NULL,
    prioridad_sprint integer NOT NULL,
    estado text NOT NULL,
    prioridad_final double precision NOT NULL,
    encargado_id integer,
    id_proyecto_id bigint,
    id_sprint_id integer,
    id_tipo_user_story_id bigint,
    estado_definitivo text NOT NULL,
    rechazar text,
    cancelar text
);


ALTER TABLE public.account_userstory OWNER TO postgres;

--
-- Name: account_userstory_id_seq; Type: SEQUENCE; Schema: public; Owner: postgres
--

ALTER TABLE public.account_userstory ALTER COLUMN id ADD GENERATED BY DEFAULT AS IDENTITY (
    SEQUENCE NAME public.account_userstory_id_seq
    START WITH 1
    INCREMENT BY 1
    NO MINVALUE
    NO MAXVALUE
    CACHE 1
);


--
-- Name: account_usuarios; Type: TABLE; Schema: public; Owner: postgres
--

CREATE TABLE public.account_usuarios (
    id integer NOT NULL,
    nombre_usuario character varying(15) NOT NULL,
    contrasena_usuario character varying(10) NOT NULL,
    estado_usuario character varying(30) NOT NULL
);


ALTER TABLE public.account_usuarios OWNER TO postgres;

--
-- Name: account_usuarios_id_seq; Type: SEQUENCE; Schema: public; Owner: postgres
--

ALTER TABLE public.account_usuarios ALTER COLUMN id ADD GENERATED BY DEFAULT AS IDENTITY (
    SEQUENCE NAME public.account_usuarios_id_seq
    START WITH 1
    INCREMENT BY 1
    NO MINVALUE
    NO MAXVALUE
    CACHE 1
);


--
-- Name: auth_group; Type: TABLE; Schema: public; Owner: postgres
--

CREATE TABLE public.auth_group (
    id integer NOT NULL,
    name character varying(150) NOT NULL
);


ALTER TABLE public.auth_group OWNER TO postgres;

--
-- Name: auth_group_id_seq; Type: SEQUENCE; Schema: public; Owner: postgres
--

ALTER TABLE public.auth_group ALTER COLUMN id ADD GENERATED BY DEFAULT AS IDENTITY (
    SEQUENCE NAME public.auth_group_id_seq
    START WITH 1
    INCREMENT BY 1
    NO MINVALUE
    NO MAXVALUE
    CACHE 1
);


--
-- Name: auth_group_permissions; Type: TABLE; Schema: public; Owner: postgres
--

CREATE TABLE public.auth_group_permissions (
    id bigint NOT NULL,
    group_id integer NOT NULL,
    permission_id integer NOT NULL
);


ALTER TABLE public.auth_group_permissions OWNER TO postgres;

--
-- Name: auth_group_permissions_id_seq; Type: SEQUENCE; Schema: public; Owner: postgres
--

ALTER TABLE public.auth_group_permissions ALTER COLUMN id ADD GENERATED BY DEFAULT AS IDENTITY (
    SEQUENCE NAME public.auth_group_permissions_id_seq
    START WITH 1
    INCREMENT BY 1
    NO MINVALUE
    NO MAXVALUE
    CACHE 1
);


--
-- Name: auth_permission; Type: TABLE; Schema: public; Owner: postgres
--

CREATE TABLE public.auth_permission (
    id integer NOT NULL,
    name character varying(255) NOT NULL,
    content_type_id integer NOT NULL,
    codename character varying(100) NOT NULL
);


ALTER TABLE public.auth_permission OWNER TO postgres;

--
-- Name: auth_permission_id_seq; Type: SEQUENCE; Schema: public; Owner: postgres
--

ALTER TABLE public.auth_permission ALTER COLUMN id ADD GENERATED BY DEFAULT AS IDENTITY (
    SEQUENCE NAME public.auth_permission_id_seq
    START WITH 1
    INCREMENT BY 1
    NO MINVALUE
    NO MAXVALUE
    CACHE 1
);


--
-- Name: auth_user; Type: TABLE; Schema: public; Owner: postgres
--

CREATE TABLE public.auth_user (
    id integer NOT NULL,
    password character varying(128) NOT NULL,
    last_login timestamp with time zone,
    is_superuser boolean NOT NULL,
    username character varying(150) NOT NULL,
    first_name character varying(150) NOT NULL,
    last_name character varying(150) NOT NULL,
    email character varying(254) NOT NULL,
    is_staff boolean NOT NULL,
    is_active boolean NOT NULL,
    date_joined timestamp with time zone NOT NULL
);


ALTER TABLE public.auth_user OWNER TO postgres;

--
-- Name: auth_user_groups; Type: TABLE; Schema: public; Owner: postgres
--

CREATE TABLE public.auth_user_groups (
    id bigint NOT NULL,
    user_id integer NOT NULL,
    group_id integer NOT NULL
);


ALTER TABLE public.auth_user_groups OWNER TO postgres;

--
-- Name: auth_user_groups_id_seq; Type: SEQUENCE; Schema: public; Owner: postgres
--

ALTER TABLE public.auth_user_groups ALTER COLUMN id ADD GENERATED BY DEFAULT AS IDENTITY (
    SEQUENCE NAME public.auth_user_groups_id_seq
    START WITH 1
    INCREMENT BY 1
    NO MINVALUE
    NO MAXVALUE
    CACHE 1
);


--
-- Name: auth_user_id_seq; Type: SEQUENCE; Schema: public; Owner: postgres
--

ALTER TABLE public.auth_user ALTER COLUMN id ADD GENERATED BY DEFAULT AS IDENTITY (
    SEQUENCE NAME public.auth_user_id_seq
    START WITH 1
    INCREMENT BY 1
    NO MINVALUE
    NO MAXVALUE
    CACHE 1
);


--
-- Name: auth_user_user_permissions; Type: TABLE; Schema: public; Owner: postgres
--

CREATE TABLE public.auth_user_user_permissions (
    id bigint NOT NULL,
    user_id integer NOT NULL,
    permission_id integer NOT NULL
);


ALTER TABLE public.auth_user_user_permissions OWNER TO postgres;

--
-- Name: auth_user_user_permissions_id_seq; Type: SEQUENCE; Schema: public; Owner: postgres
--

ALTER TABLE public.auth_user_user_permissions ALTER COLUMN id ADD GENERATED BY DEFAULT AS IDENTITY (
    SEQUENCE NAME public.auth_user_user_permissions_id_seq
    START WITH 1
    INCREMENT BY 1
    NO MINVALUE
    NO MAXVALUE
    CACHE 1
);


--
-- Name: django_admin_log; Type: TABLE; Schema: public; Owner: postgres
--

CREATE TABLE public.django_admin_log (
    id integer NOT NULL,
    action_time timestamp with time zone NOT NULL,
    object_id text,
    object_repr character varying(200) NOT NULL,
    action_flag smallint NOT NULL,
    change_message text NOT NULL,
    content_type_id integer,
    user_id integer NOT NULL,
    CONSTRAINT django_admin_log_action_flag_check CHECK ((action_flag >= 0))
);


ALTER TABLE public.django_admin_log OWNER TO postgres;

--
-- Name: django_admin_log_id_seq; Type: SEQUENCE; Schema: public; Owner: postgres
--

ALTER TABLE public.django_admin_log ALTER COLUMN id ADD GENERATED BY DEFAULT AS IDENTITY (
    SEQUENCE NAME public.django_admin_log_id_seq
    START WITH 1
    INCREMENT BY 1
    NO MINVALUE
    NO MAXVALUE
    CACHE 1
);


--
-- Name: django_content_type; Type: TABLE; Schema: public; Owner: postgres
--

CREATE TABLE public.django_content_type (
    id integer NOT NULL,
    app_label character varying(100) NOT NULL,
    model character varying(100) NOT NULL
);


ALTER TABLE public.django_content_type OWNER TO postgres;

--
-- Name: django_content_type_id_seq; Type: SEQUENCE; Schema: public; Owner: postgres
--

ALTER TABLE public.django_content_type ALTER COLUMN id ADD GENERATED BY DEFAULT AS IDENTITY (
    SEQUENCE NAME public.django_content_type_id_seq
    START WITH 1
    INCREMENT BY 1
    NO MINVALUE
    NO MAXVALUE
    CACHE 1
);


--
-- Name: django_migrations; Type: TABLE; Schema: public; Owner: postgres
--

CREATE TABLE public.django_migrations (
    id bigint NOT NULL,
    app character varying(255) NOT NULL,
    name character varying(255) NOT NULL,
    applied timestamp with time zone NOT NULL
);


ALTER TABLE public.django_migrations OWNER TO postgres;

--
-- Name: django_migrations_id_seq; Type: SEQUENCE; Schema: public; Owner: postgres
--

ALTER TABLE public.django_migrations ALTER COLUMN id ADD GENERATED BY DEFAULT AS IDENTITY (
    SEQUENCE NAME public.django_migrations_id_seq
    START WITH 1
    INCREMENT BY 1
    NO MINVALUE
    NO MAXVALUE
    CACHE 1
);


--
-- Name: django_session; Type: TABLE; Schema: public; Owner: postgres
--

CREATE TABLE public.django_session (
    session_key character varying(40) NOT NULL,
    session_data text NOT NULL,
    expire_date timestamp with time zone NOT NULL
);


ALTER TABLE public.django_session OWNER TO postgres;

--
-- Name: social_auth_association; Type: TABLE; Schema: public; Owner: postgres
--

CREATE TABLE public.social_auth_association (
    id integer NOT NULL,
    server_url character varying(255) NOT NULL,
    handle character varying(255) NOT NULL,
    secret character varying(255) NOT NULL,
    issued integer NOT NULL,
    lifetime integer NOT NULL,
    assoc_type character varying(64) NOT NULL
);


ALTER TABLE public.social_auth_association OWNER TO postgres;

--
-- Name: social_auth_association_id_seq; Type: SEQUENCE; Schema: public; Owner: postgres
--

ALTER TABLE public.social_auth_association ALTER COLUMN id ADD GENERATED BY DEFAULT AS IDENTITY (
    SEQUENCE NAME public.social_auth_association_id_seq
    START WITH 1
    INCREMENT BY 1
    NO MINVALUE
    NO MAXVALUE
    CACHE 1
);


--
-- Name: social_auth_code; Type: TABLE; Schema: public; Owner: postgres
--

CREATE TABLE public.social_auth_code (
    id integer NOT NULL,
    email character varying(254) NOT NULL,
    code character varying(32) NOT NULL,
    verified boolean NOT NULL,
    "timestamp" timestamp with time zone NOT NULL
);


ALTER TABLE public.social_auth_code OWNER TO postgres;

--
-- Name: social_auth_code_id_seq; Type: SEQUENCE; Schema: public; Owner: postgres
--

ALTER TABLE public.social_auth_code ALTER COLUMN id ADD GENERATED BY DEFAULT AS IDENTITY (
    SEQUENCE NAME public.social_auth_code_id_seq
    START WITH 1
    INCREMENT BY 1
    NO MINVALUE
    NO MAXVALUE
    CACHE 1
);


--
-- Name: social_auth_nonce; Type: TABLE; Schema: public; Owner: postgres
--

CREATE TABLE public.social_auth_nonce (
    id integer NOT NULL,
    server_url character varying(255) NOT NULL,
    "timestamp" integer NOT NULL,
    salt character varying(65) NOT NULL
);


ALTER TABLE public.social_auth_nonce OWNER TO postgres;

--
-- Name: social_auth_nonce_id_seq; Type: SEQUENCE; Schema: public; Owner: postgres
--

ALTER TABLE public.social_auth_nonce ALTER COLUMN id ADD GENERATED BY DEFAULT AS IDENTITY (
    SEQUENCE NAME public.social_auth_nonce_id_seq
    START WITH 1
    INCREMENT BY 1
    NO MINVALUE
    NO MAXVALUE
    CACHE 1
);


--
-- Name: social_auth_partial; Type: TABLE; Schema: public; Owner: postgres
--

CREATE TABLE public.social_auth_partial (
    id integer NOT NULL,
    token character varying(32) NOT NULL,
    next_step smallint NOT NULL,
    backend character varying(32) NOT NULL,
    data text NOT NULL,
    "timestamp" timestamp with time zone NOT NULL,
    CONSTRAINT social_auth_partial_next_step_check CHECK ((next_step >= 0))
);


ALTER TABLE public.social_auth_partial OWNER TO postgres;

--
-- Name: social_auth_partial_id_seq; Type: SEQUENCE; Schema: public; Owner: postgres
--

ALTER TABLE public.social_auth_partial ALTER COLUMN id ADD GENERATED BY DEFAULT AS IDENTITY (
    SEQUENCE NAME public.social_auth_partial_id_seq
    START WITH 1
    INCREMENT BY 1
    NO MINVALUE
    NO MAXVALUE
    CACHE 1
);


--
-- Name: social_auth_usersocialauth; Type: TABLE; Schema: public; Owner: postgres
--

CREATE TABLE public.social_auth_usersocialauth (
    id integer NOT NULL,
    provider character varying(32) NOT NULL,
    uid character varying(255) NOT NULL,
    extra_data text NOT NULL,
    user_id integer NOT NULL,
    created timestamp with time zone NOT NULL,
    modified timestamp with time zone NOT NULL
);


ALTER TABLE public.social_auth_usersocialauth OWNER TO postgres;

--
-- Name: social_auth_usersocialauth_id_seq; Type: SEQUENCE; Schema: public; Owner: postgres
--

ALTER TABLE public.social_auth_usersocialauth ALTER COLUMN id ADD GENERATED BY DEFAULT AS IDENTITY (
    SEQUENCE NAME public.social_auth_usersocialauth_id_seq
    START WITH 1
    INCREMENT BY 1
    NO MINVALUE
    NO MAXVALUE
    CACHE 1
);


--
-- Data for Name: account_backlogs; Type: TABLE DATA; Schema: public; Owner: postgres
--

COPY public.account_backlogs (id, id_proyecto_id) FROM stdin;
\.


--
-- Data for Name: account_estados; Type: TABLE DATA; Schema: public; Owner: postgres
--

COPY public.account_estados (id, nombre_estado, posicion, id_tipo_user_story_id) FROM stdin;
1	To Do	1	1
2	Doing	2	1
3	Done	3	1
4	To Do	1	2
5	Doing	2	2
6	Done	3	2
7	To Do	1	3
8	Doing	2	3
9	Done	3	3
13	To Do	0	5
14	Doing	0	5
15	Done	0	5
16	To Do	0	6
17	Doing	0	6
18	Done	0	6
10	To Do	1	4
11	Doing	2	4
12	Done	3	4
19	To Do	1	7
20	Doing	2	7
21	Done	3	7
22	To Do	1	8
23	Doing	2	8
24	Done	3	8
25	To Do	1	9
26	Doing	2	9
27	Done	3	9
31	To Do	0	11
32	Doing	0	11
33	Done	0	11
34	To Do	0	12
35	Doing	0	12
36	Done	0	12
28	To Do	1	10
29	Doing	2	10
30	Done	3	10
\.


--
-- Data for Name: account_kanban; Type: TABLE DATA; Schema: public; Owner: postgres
--

COPY public.account_kanban (id, colum, fila) FROM stdin;
\.


--
-- Data for Name: account_logestados; Type: TABLE DATA; Schema: public; Owner: postgres
--

COPY public.account_logestados (id, fecha_creacion, usuario_responsable, descripcion_action, nombre_estado, posicion, id_tipo_user_story_id) FROM stdin;
\.


--
-- Data for Name: account_logmiembro_sprint; Type: TABLE DATA; Schema: public; Owner: postgres
--

COPY public.account_logmiembro_sprint (id, fecha_creacion, usuario_responsable, descripcion_action, horas_trabajo, sprint_id, usuario_id) FROM stdin;
\.


--
-- Data for Name: account_logmiembros; Type: TABLE DATA; Schema: public; Owner: postgres
--

COPY public.account_logmiembros (id, fecha_creacion, usuario_responsable, descripcion_action, id_proyecto_id, id_usuario_id) FROM stdin;
\.


--
-- Data for Name: account_logmiembros_id_rol; Type: TABLE DATA; Schema: public; Owner: postgres
--

COPY public.account_logmiembros_id_rol (id, logmiembros_id, rol_id) FROM stdin;
\.


--
-- Data for Name: account_logproyectos; Type: TABLE DATA; Schema: public; Owner: postgres
--

COPY public.account_logproyectos (id, fecha_creacion, usuario_responsable, descripcion_action, nombre_proyecto, desc_proyecto, estado_proyecto, fecha_inicio, fecha_fin, id_proyecto_id, scrum_master_id) FROM stdin;
1	16/12/2022 - 05:55:22	justo	Creación de proyecto	Proyecto1	Proyecto1	Planificado	2022-12-16	2023-02-23	1	2
2	16/12/2022 - 05:56:32	justo	Creación de proyecto	Proyecto2	Proyecto2	Planificado	2022-12-20	2023-02-25	2	4
3	16/12/2022 - 05:57:10	justo	Creación de proyecto	Proyecto3	Proyecto3	Planificado	2022-12-23	2023-03-23	3	5
4	16/12/2022 - 05:58:34	justo	Creación de proyecto	Proyecto4	Proyecto4	Planificado	2022-11-16	2022-12-15	4	4
5	16/12/2022 - 06:00:29	javier	Se agregó como miembro al siguiente usuario: (diego2)\n 	Proyecto1	Proyecto1	Planificado	2022-12-16	2023-02-23	1	2
6	16/12/2022 - 06:01:09	javier	Se agregó como miembro al siguiente usuario: (robert)\n 	Proyecto1	Proyecto1	Planificado	2022-12-16	2023-02-23	1	2
7	16/12/2022 - 06:01:25	javier	Se agregó como miembro al siguiente usuario: (matias)\n 	Proyecto1	Proyecto1	Planificado	2022-12-16	2023-02-23	1	2
8	16/12/2022 - 06:08:49	javier	Se agregó como miembro al siguiente usuario: (robert)\n 	Proyecto1	Proyecto1	Planificado	2022-12-16	2023-02-23	1	2
9	16/12/2022 - 06:11:11	javier	Se agregó como miembro al siguiente usuario: (robert)\n 	Proyecto1	Proyecto1	Planificado	2022-12-16	2023-02-23	1	2
10	16/12/2022 - 06:13:03	javier	Se agregó como miembro al siguiente usuario: (robert)\n 	Proyecto1	Proyecto1	Planificado	2022-12-16	2023-02-23	1	2
11	16/12/2022 - 07:24:57	robert	Se agregó como miembro al siguiente usuario: (javier)\n 	Proyecto2	Proyecto2	Planificado	2022-12-20	2023-02-25	2	4
12	16/12/2022 - 07:25:08	robert	Se agregó como miembro al siguiente usuario: (matias)\n 	Proyecto2	Proyecto2	Planificado	2022-12-20	2023-02-25	2	4
13	16/12/2022 - 07:25:19	robert	Se agregó como miembro al siguiente usuario: (diego2)\n 	Proyecto2	Proyecto2	Planificado	2022-12-20	2023-02-25	2	4
14	16/12/2022 - 07:25:34	robert	Se agregó como miembro al siguiente usuario: (diego2)\n 	Proyecto4	Proyecto4	Planificado	2022-11-16	2022-12-15	4	4
15	16/12/2022 - 07:25:49	robert	Se agregó como miembro al siguiente usuario: (matias)\n 	Proyecto4	Proyecto4	Planificado	2022-11-16	2022-12-15	4	4
16	16/12/2022 - 07:25:59	robert	Se agregó como miembro al siguiente usuario: (javier)\n 	Proyecto4	Proyecto4	Planificado	2022-11-16	2022-12-15	4	4
17	16/12/2022 - 07:59:46	robert	Cancelación de proyecto \n Motivo:              no se toma en serio\n         	Proyecto4	Proyecto4	Cancelado	2022-11-16	2022-12-15	4	4
18	16/12/2022 - 13:35:04	matias	Se agregó como miembro al siguiente usuario: (javier)\n 	Proyecto3	Proyecto3	Planificado	2022-12-23	2023-03-23	3	5
19	16/12/2022 - 13:35:29	matias	Se agregó como miembro al siguiente usuario: (robert)\n 	Proyecto3	Proyecto3	Planificado	2022-12-23	2023-03-23	3	5
20	16/12/2022 - 13:35:39	matias	Se agregó como miembro al siguiente usuario: (diego2)\n 	Proyecto3	Proyecto3	Planificado	2022-12-23	2023-03-23	3	5
\.


--
-- Data for Name: account_logrol; Type: TABLE DATA; Schema: public; Owner: postgres
--

COPY public.account_logrol (id, fecha_creacion, usuario_responsable, descripcion_action, rol, desc_rol, proyecto_id) FROM stdin;
\.


--
-- Data for Name: account_logrol_permisos; Type: TABLE DATA; Schema: public; Owner: postgres
--

COPY public.account_logrol_permisos (id, logrol_id, permission_id) FROM stdin;
\.


--
-- Data for Name: account_logsprint; Type: TABLE DATA; Schema: public; Owner: postgres
--

COPY public.account_logsprint (fecha_creacion, usuario_responsable, descripcion_action, id, nombre_sprint, desc_sprint, estado_sprint, fecha_inicio, duracion_dias, capacidad, id_proyecto_id, id_sprint_id) FROM stdin;
16/12/2022 - 06:16:17	javier	Creación de sprint	1	sprint1	sprint1	Planificado	2022-12-16	12	0	1	1
16/12/2022 - 06:17:42	javier	Se agregó como miembro al siguiente usuario: (diego2)\n 	2	sprint1		Planificado	2022-12-16	\N	0	1	1
16/12/2022 - 06:18:02	javier	Se agregó como miembro al siguiente usuario: (matias)\n 	3	sprint1		Planificado	2022-12-16	\N	0	1	1
16/12/2022 - 06:21:17	javier	Se agregó el siguiente User Story al sprint:  (UserStory3)\n 	4	sprint1		Planificado	2022-12-16	\N	0	1	1
16/12/2022 - 06:21:34	javier	Se agregó el siguiente User Story al sprint:  (UserStory2)\n 	5	sprint1		Planificado	2022-12-16	\N	0	1	1
16/12/2022 - 06:21:54	javier	Se agregó el siguiente User Story al sprint:  (UserStory1)\n 	6	sprint1		Planificado	2022-12-16	\N	0	1	1
16/12/2022 - 06:24:03	javier	Creación de sprint	7	Sprint2	Sprint2	Planificado	2022-12-16	6	0	1	2
16/12/2022 - 06:24:55	javier	Se agregó como miembro al siguiente usuario: (matias)\n 	8	Sprint2		Planificado	2022-12-16	\N	0	1	2
16/12/2022 - 06:25:10	javier	Se agregó como miembro al siguiente usuario: (diego2)\n 	9	Sprint2		Planificado	2022-12-16	\N	0	1	2
16/12/2022 - 06:26:44	javier	Se agregó el siguiente User Story al sprint:  (UserStory4)\n 	10	Sprint2		Planificado	2022-12-16	\N	0	1	2
16/12/2022 - 07:15:07	javier	Creación de sprint	11	Sprint3	si	Planificado	2022-12-16	11	0	1	3
16/12/2022 - 07:15:31	javier	Se agregó como miembro al siguiente usuario: (matias)\n 	12	Sprint3		Planificado	2022-12-16	\N	0	1	3
16/12/2022 - 07:15:48	javier	Se agregó el siguiente User Story al sprint:  (UserStory5)\n 	13	Sprint3		Planificado	2022-12-16	\N	0	1	3
16/12/2022 - 07:16:00	javier	Se agregó el siguiente User Story al sprint:  (UserStory6)\n 	14	Sprint3		Planificado	2022-12-16	\N	0	1	3
16/12/2022 - 07:22:52	javier	Cancelación de sprint \n Motivo:              sin suficiente personal\n         	15	Sprint3	si	Cancelado	2022-12-16	11	0	1	3
16/12/2022 - 07:42:30	robert	Creación de sprint	16	sprint1	sprint1	Planificado	2022-12-16	11	0	2	4
16/12/2022 - 07:42:52	robert	Se agregó como miembro al siguiente usuario: (javier)\n 	17	sprint1		Planificado	2022-12-16	\N	0	2	4
16/12/2022 - 07:43:06	robert	Se agregó como miembro al siguiente usuario: (diego2)\n 	18	sprint1		Planificado	2022-12-16	\N	0	2	4
16/12/2022 - 07:44:41	robert	Se agregó el siguiente User Story al sprint:  (UserStory1)\n 	19	sprint1		Planificado	2022-12-16	\N	0	2	4
16/12/2022 - 07:44:50	robert	Se agregó el siguiente User Story al sprint:  (UserStory3)\n 	20	sprint1		Planificado	2022-12-16	\N	0	2	4
16/12/2022 - 07:44:50	robert	Se agregó el siguiente User Story al sprint:  (UserStory3)\n 	21	sprint1		Planificado	2022-12-16	\N	0	2	4
16/12/2022 - 07:45:55	robert	Creación de sprint	22	Sprint4	dfsfddsfds	Planificado	2022-12-16	12	0	2	5
16/12/2022 - 07:46:18	robert	Se agregó como miembro al siguiente usuario: (matias)\n 	23	Sprint4		Planificado	2022-12-16	\N	0	2	5
16/12/2022 - 07:46:30	robert	Se agregó como miembro al siguiente usuario: (javier)\n 	24	Sprint4		Planificado	2022-12-16	\N	0	2	5
16/12/2022 - 07:46:51	robert	Se agregó el siguiente User Story al sprint:  (UserStory2)\n 	25	Sprint4		Planificado	2022-12-16	\N	0	2	5
16/12/2022 - 07:47:50	robert	Se agregó el siguiente User Story al sprint:  (UserStory4)\n 	26	Sprint4		Planificado	2022-12-16	\N	0	2	5
16/12/2022 - 07:48:42	robert	Creación de sprint	27	Sprint1	sdsadsadas	Planificado	2022-12-16	13	0	4	6
16/12/2022 - 07:50:47	robert	Se agregó como miembro al siguiente usuario: (javier)\n 	28	Sprint1		Planificado	2022-12-16	\N	0	4	6
16/12/2022 - 07:50:57	robert	Se agregó como miembro al siguiente usuario: (matias)\n 	29	Sprint1		Planificado	2022-12-16	\N	0	4	6
16/12/2022 - 07:51:56	robert	Se agregó el siguiente User Story al sprint:  (fdgdsfgf)\n 	30	Sprint1		Planificado	2022-12-16	\N	0	4	6
16/12/2022 - 07:52:04	robert	Se agregó el siguiente User Story al sprint:  (UserStory1)\n 	31	Sprint1		Planificado	2022-12-16	\N	0	4	6
16/12/2022 - 07:52:04	robert	Se agregó el siguiente User Story al sprint:  (UserStory1)\n 	32	Sprint1		Planificado	2022-12-16	\N	0	4	6
16/12/2022 - 07:58:13	robert	Cancelación de sprint \n Motivo:              si\n         	33	Sprint1	sdsadsadas	Cancelado	2022-12-16	13	0	4	6
16/12/2022 - 13:38:00	matias	Creación de sprint	34	sprint1	sprint1	Planificado	2022-12-16	12	0	3	7
16/12/2022 - 13:38:25	matias	Se agregó como miembro al siguiente usuario: (javier)\n 	35	sprint1		Planificado	2022-12-16	\N	0	3	7
16/12/2022 - 13:38:37	matias	Se agregó como miembro al siguiente usuario: (robert)\n 	36	sprint1		Planificado	2022-12-16	\N	0	3	7
16/12/2022 - 13:40:17	matias	Se agregó el siguiente User Story al sprint:  (UserStory1)\n 	37	sprint1		Planificado	2022-12-16	\N	0	3	7
16/12/2022 - 13:40:47	matias	Se agregó el siguiente User Story al sprint:  (UserStory3)\n 	38	sprint1		Planificado	2022-12-16	\N	0	3	7
16/12/2022 - 13:41:03	matias	Se agregó el siguiente User Story al sprint:  (UserStory2)\n 	39	sprint1		Planificado	2022-12-16	\N	0	3	7
16/12/2022 - 16:00:53	robert	Finalización de sprint	40	sprint1	sprint1	Iniciado	2022-12-16	11	0	2	4
\.


--
-- Data for Name: account_logtipo_user_story; Type: TABLE DATA; Schema: public; Owner: postgres
--

COPY public.account_logtipo_user_story (id, fecha_creacion, usuario_responsable, descripcion_action, nombre_tipo_us, id_proyecto_id) FROM stdin;
\.


--
-- Data for Name: account_loguserstory; Type: TABLE DATA; Schema: public; Owner: postgres
--

COPY public.account_loguserstory (fecha_creacion, usuario_responsable, descripcion_action, id, nombre_us, desc_us, horas_estimadas, horas_trabajadas, prioridad_us, estado, encargado_id, id_proyecto_id, id_sprint_id, id_tipo_user_story_id, id_user_story_id) FROM stdin;
16/12/2022 - 06:31:15	matias	Creación de tarea \n Fecha:            2022-12-17\n Descripción:  tarea1\n  Duración:          9hs\n 	1	UserStory1		0	0	Baja	To Do	\N	\N	\N	\N	1
16/12/2022 - 06:31:34	matias	Creación de tarea \n Fecha:            2022-12-18\n Descripción:  tarea2\n  Duración:          10hs\n 	2	UserStory1		0	0	Baja	To Do	\N	\N	\N	\N	1
16/12/2022 - 06:32:18	matias	Creación de tarea \n Fecha:            2022-12-19\n Descripción:  tarea3\n  Duración:          10hs\n 	3	UserStory1		0	0	Baja	To Do	\N	\N	\N	\N	1
16/12/2022 - 06:34:16	matias	Creación de tarea \n Fecha:            2022-12-20\n Descripción:  tarea 4\n  Duración:          16hs\n 	4	UserStory1		0	0	Baja	To Do	\N	\N	\N	\N	1
16/12/2022 - 06:41:36	matias	Creación de tarea \n Fecha:            2022-12-21\n Descripción:  tarea5\n  Duración:          20hs\n 	5	UserStory1		0	0	Baja	To Do	\N	\N	\N	\N	1
16/12/2022 - 06:50:29	matias	Creación de tarea \n Fecha:            2022-12-22\n Descripción:  tarea6\n  Duración:          35hs\n 	6	UserStory1		0	0	Baja	To Do	\N	\N	\N	\N	1
16/12/2022 - 06:52:06	matias	Creación de tarea \n Fecha:            2022-12-22\n Descripción:  tarea7\n  Duración:          38hs\n 	7	UserStory1		0	0	Baja	To Do	\N	\N	\N	\N	1
16/12/2022 - 06:53:08	matias	Creación de tarea \n Fecha:            2022-12-17\n Descripción:  tarea1\n  Duración:          8hs\n 	8	UserStory2		0	0	Baja	To Do	\N	\N	\N	\N	2
16/12/2022 - 06:54:11	matias	Creación de tarea \n Fecha:            2022-12-23\n Descripción:  tarea2\n  Duración:          10hs\n 	9	UserStory2		0	0	Baja	To Do	\N	\N	\N	\N	2
16/12/2022 - 06:55:22	matias	Creación de tarea \n Fecha:            2022-12-19\n Descripción:  tarea3\n  Duración:          20hs\n 	10	UserStory2		0	0	Baja	To Do	\N	\N	\N	\N	2
16/12/2022 - 06:56:25	matias	Creación de tarea \n Fecha:            2022-12-20\n Descripción:  tarea4\n  Duración:          10hs\n 	11	UserStory2		0	0	Baja	To Do	\N	\N	\N	\N	2
16/12/2022 - 06:57:18	matias	Creación de tarea \n Fecha:            2022-12-21\n Descripción:  tarea5\n  Duración:          10hs\n 	12	UserStory1		0	0	Baja	To Do	\N	\N	\N	\N	1
16/12/2022 - 06:58:07	matias	Creación de tarea \n Fecha:            2022-12-27\n Descripción:  tarea7\n  Duración:          8hs\n 	13	UserStory2		0	0	Baja	To Do	\N	\N	\N	\N	2
16/12/2022 - 06:58:53	matias	Creación de tarea \n Fecha:            2022-12-27\n Descripción:  si\n  Duración:          5hs\n 	14	UserStory1		0	0	Baja	To Do	\N	\N	\N	\N	1
16/12/2022 - 06:58:53	matias	Creación de tarea \n Fecha:            2022-12-27\n Descripción:  si\n  Duración:          5hs\n 	15	UserStory1		0	0	Baja	To Do	\N	\N	\N	\N	1
16/12/2022 - 07:05:05	matias	Creación de tarea \n Fecha:            2022-12-16\n Descripción:  tarea1\n  Duración:          10hs\n 	16	UserStory4		0	0	Baja	To Do	\N	\N	\N	\N	4
16/12/2022 - 07:06:00	matias	Creación de tarea \n Fecha:            2022-12-17\n Descripción:  tarea2\n  Duración:          11hs\n 	17	UserStory4		0	0	Baja	To Do	\N	\N	\N	\N	4
16/12/2022 - 07:09:35	matias	Creación de tarea \n Fecha:            2022-12-20\n Descripción:  tarea4\n  Duración:          8hs\n 	18	UserStory4		0	0	Baja	To Do	\N	\N	\N	\N	4
16/12/2022 - 07:10:22	matias	Creación de tarea \n Fecha:            2022-12-21\n Descripción:  tarea6\n  Duración:          17hs\n 	19	UserStory4		0	0	Baja	To Do	\N	\N	\N	\N	4
16/12/2022 - 07:20:53	matias	Creación de tarea \n Fecha:            2022-12-17\n Descripción:  sakdjsaj\n  Duración:          10hs\n 	20	UserStory5		0	0	Baja	To Do	\N	\N	\N	\N	5
16/12/2022 - 07:20:53	matias	Creación de tarea \n Fecha:            2022-12-17\n Descripción:  sakdjsaj\n  Duración:          10hs\n 	21	UserStory5		0	0	Baja	To Do	\N	\N	\N	\N	5
16/12/2022 - 07:21:42	matias	Creación de tarea \n Fecha:            2022-12-19\n Descripción:  sdssad\n  Duración:          7hs\n 	22	UserStory5		0	0	Baja	To Do	\N	\N	\N	\N	5
16/12/2022 - 07:55:07	javier	Creación de tarea \n Fecha:            2022-12-20\n Descripción:  dsaasdfsadsada\n  Duración:          12hs\n 	23	fdgdsfgf		0	0	Baja	To Do	\N	\N	\N	\N	12
16/12/2022 - 07:55:23	javier	Creación de tarea \n Fecha:            2022-12-20\n Descripción:  asdadas\n  Duración:          11hs\n 	24	fdgdsfgf		0	0	Baja	To Do	\N	\N	\N	\N	12
16/12/2022 - 07:56:01	javier	Creación de tarea \n Fecha:            2022-12-22\n Descripción:  sdsada\n  Duración:          18hs\n 	25	fdgdsfgf		0	0	Baja	To Do	\N	\N	\N	\N	12
16/12/2022 - 07:57:13	matias	Creación de tarea \n Fecha:            2022-12-23\n Descripción:  fdgdfgfdg\n  Duración:          20hs\n 	26	UserStory1		0	0	Baja	To Do	\N	\N	\N	\N	14
16/12/2022 - 07:57:30	matias	Creación de tarea \n Fecha:            2022-12-26\n Descripción:  dsfsdfsd\n  Duración:          30hs\n 	27	UserStory1		0	0	Baja	To Do	\N	\N	\N	\N	14
\.


--
-- Data for Name: account_miembro_sprint; Type: TABLE DATA; Schema: public; Owner: postgres
--

COPY public.account_miembro_sprint (id, horas_trabajo, sprint_id, usuario_id) FROM stdin;
1	8	1	3
2	8	1	5
3	6	2	5
4	7	2	3
5	6	3	5
6	5	4	2
7	8	4	3
8	7	5	5
9	6	5	2
10	7	6	2
11	7	6	5
12	7	7	2
13	8	7	4
\.


--
-- Data for Name: account_miembros; Type: TABLE DATA; Schema: public; Owner: postgres
--

COPY public.account_miembros (id, id_proyecto_id, id_usuario_id) FROM stdin;
1	1	2
2	2	4
3	3	5
4	4	4
5	1	3
7	1	5
10	1	4
11	2	2
12	2	5
13	2	3
14	4	3
15	4	5
16	4	2
17	3	2
18	3	4
19	3	3
\.


--
-- Data for Name: account_miembros_id_rol; Type: TABLE DATA; Schema: public; Owner: postgres
--

COPY public.account_miembros_id_rol (id, miembros_id, rol_id) FROM stdin;
1	1	1
2	2	4
3	3	7
4	4	10
5	5	3
7	7	3
10	10	2
11	11	6
12	12	5
13	13	6
14	14	11
15	15	12
16	16	12
17	17	9
18	18	9
19	19	8
\.


--
-- Data for Name: account_permisos; Type: TABLE DATA; Schema: public; Owner: postgres
--

COPY public.account_permisos (id, nombre_permisos, desc_permisos) FROM stdin;
\.


--
-- Data for Name: account_permission; Type: TABLE DATA; Schema: public; Owner: postgres
--

COPY public.account_permission (permission_ptr_id) FROM stdin;
\.


--
-- Data for Name: account_profile; Type: TABLE DATA; Schema: public; Owner: postgres
--

COPY public.account_profile (id, telefono, email, is_active, user_id) FROM stdin;
1			t	2
2			t	3
3			t	4
4			t	5
\.


--
-- Data for Name: account_proyectos; Type: TABLE DATA; Schema: public; Owner: postgres
--

COPY public.account_proyectos (id, nombre_proyecto, desc_proyecto, estado_proyecto, fecha_inicio, fecha_fin, scrum_master_id, cancelar) FROM stdin;
3	Proyecto3	Proyecto3	Planificado	2022-12-23	2023-03-23	5	\N
1	Proyecto1	Proyecto1	Iniciado	2022-12-16	2023-02-23	2	\N
4	Proyecto4	Proyecto4	Cancelado	2022-11-16	2022-12-15	4	no se toma en serio
2	Proyecto2	Proyecto2	Iniciado	2022-12-20	2023-02-25	4	\N
\.


--
-- Data for Name: account_reportes; Type: TABLE DATA; Schema: public; Owner: postgres
--

COPY public.account_reportes (id, nombre_report, desc_report) FROM stdin;
\.


--
-- Data for Name: account_reuniones; Type: TABLE DATA; Schema: public; Owner: postgres
--

COPY public.account_reuniones (id, nombre_reunion, desc_reunion, lugar_reunion, fecha_reunion, hora_reunion) FROM stdin;
\.


--
-- Data for Name: account_rol; Type: TABLE DATA; Schema: public; Owner: postgres
--

COPY public.account_rol (id, rol, desc_rol, proyecto_id) FROM stdin;
1	Scrum Master	Scrum Master	1
2	Product Owner	Product Owner	1
3	Miembro	Miembro	1
4	Scrum Master	Scrum Master	2
5	Product Owner	Product Owner	2
6	Miembro	Miembro	2
7	Scrum Master	Scrum Master	3
8	Product Owner	Product Owner	3
9	Miembro	Miembro	3
10	Scrum Master	Scrum Master	4
11	Product Owner	Product Owner	4
12	Miembro	Miembro	4
\.


--
-- Data for Name: account_rol_permisos; Type: TABLE DATA; Schema: public; Owner: postgres
--

COPY public.account_rol_permisos (id, rol_id, permission_id) FROM stdin;
1	1	1
2	1	2
3	1	3
4	1	4
5	1	5
6	1	6
7	1	7
8	1	8
9	1	9
10	1	10
11	1	11
12	1	12
13	1	13
14	1	14
15	1	15
16	1	16
17	1	17
18	1	18
19	1	19
20	1	20
21	1	21
22	1	22
23	1	23
24	1	24
25	1	25
26	1	26
27	1	27
28	1	28
29	1	29
30	1	30
31	1	31
32	1	32
33	1	33
34	1	34
35	1	35
36	1	36
37	1	37
38	1	38
39	1	39
40	1	40
41	1	41
42	1	43
43	1	44
44	1	45
45	1	46
46	1	47
47	1	48
48	1	49
49	1	50
50	1	51
51	1	52
52	1	53
53	1	54
54	1	55
55	1	56
56	1	57
57	1	58
58	1	59
59	1	60
60	1	61
61	1	62
62	1	63
63	1	64
64	1	65
65	1	66
66	1	67
67	1	68
68	1	69
69	1	70
70	1	71
71	1	72
72	1	73
73	1	74
74	1	75
75	1	76
76	1	77
77	1	78
78	1	79
79	1	80
80	1	81
81	1	82
82	1	83
83	1	84
84	1	85
85	1	86
86	1	87
87	1	88
88	1	89
89	1	90
90	1	91
91	1	92
92	1	93
93	1	94
94	1	95
95	1	96
96	1	97
97	1	98
98	1	99
99	1	100
100	1	101
101	1	102
102	1	103
103	1	104
104	1	105
105	1	106
106	1	107
107	1	108
108	1	109
109	1	110
110	1	111
111	1	112
112	1	113
113	1	114
114	1	115
115	1	116
116	1	117
117	1	118
118	1	119
119	1	120
120	1	121
121	1	122
122	1	123
123	1	124
124	1	125
125	1	126
126	1	127
127	1	128
128	1	129
129	1	130
130	1	131
131	1	132
132	1	133
133	1	134
134	1	135
135	1	136
136	1	137
137	1	138
138	1	139
139	1	140
140	1	141
141	1	142
142	1	143
143	1	144
144	1	145
145	1	146
146	1	147
147	1	148
148	2	128
149	2	4
150	2	132
151	2	8
152	2	136
153	2	12
154	2	140
155	2	16
156	2	144
157	2	20
158	2	148
159	2	24
160	2	28
161	2	32
162	2	36
163	2	40
164	2	41
165	2	43
166	2	44
167	2	48
168	2	52
169	2	56
170	2	60
171	2	64
172	2	68
173	2	72
174	2	76
175	2	80
176	2	84
177	2	88
178	2	92
179	2	96
180	2	100
181	2	104
182	2	108
183	2	112
184	2	113
185	2	114
186	2	115
187	2	116
188	2	120
189	2	124
190	3	128
191	3	4
192	3	132
193	3	8
194	3	136
195	3	12
196	3	140
197	3	16
198	3	144
199	3	20
200	3	148
201	3	24
202	3	28
203	3	32
204	3	36
205	3	40
206	3	44
207	3	48
208	3	52
209	3	56
210	3	60
211	3	64
212	3	68
213	3	72
214	3	76
215	3	80
216	3	84
217	3	88
218	3	92
219	3	96
220	3	100
221	3	104
222	3	108
223	3	112
224	3	116
225	3	120
226	3	124
227	4	1
228	4	2
229	4	3
230	4	4
231	4	5
232	4	6
233	4	7
234	4	8
235	4	9
236	4	10
237	4	11
238	4	12
239	4	13
240	4	14
241	4	15
242	4	16
243	4	17
244	4	18
245	4	19
246	4	20
247	4	21
248	4	22
249	4	23
250	4	24
251	4	25
252	4	26
253	4	27
254	4	28
255	4	29
256	4	30
257	4	31
258	4	32
259	4	33
260	4	34
261	4	35
262	4	36
263	4	37
264	4	38
265	4	39
266	4	40
267	4	41
268	4	43
269	4	44
270	4	45
271	4	46
272	4	47
273	4	48
274	4	49
275	4	50
276	4	51
277	4	52
278	4	53
279	4	54
280	4	55
281	4	56
282	4	57
283	4	58
284	4	59
285	4	60
286	4	61
287	4	62
288	4	63
289	4	64
290	4	65
291	4	66
292	4	67
293	4	68
294	4	69
295	4	70
296	4	71
297	4	72
298	4	73
299	4	74
300	4	75
301	4	76
302	4	77
303	4	78
304	4	79
305	4	80
306	4	81
307	4	82
308	4	83
309	4	84
310	4	85
311	4	86
312	4	87
313	4	88
314	4	89
315	4	90
316	4	91
317	4	92
318	4	93
319	4	94
320	4	95
321	4	96
322	4	97
323	4	98
324	4	99
325	4	100
326	4	101
327	4	102
328	4	103
329	4	104
330	4	105
331	4	106
332	4	107
333	4	108
334	4	109
335	4	110
336	4	111
337	4	112
338	4	113
339	4	114
340	4	115
341	4	116
342	4	117
343	4	118
344	4	119
345	4	120
346	4	121
347	4	122
348	4	123
349	4	124
350	4	125
351	4	126
352	4	127
353	4	128
354	4	129
355	4	130
356	4	131
357	4	132
358	4	133
359	4	134
360	4	135
361	4	136
362	4	137
363	4	138
364	4	139
365	4	140
366	4	141
367	4	142
368	4	143
369	4	144
370	4	145
371	4	146
372	4	147
373	4	148
374	5	128
375	5	4
376	5	132
377	5	8
378	5	136
379	5	12
380	5	140
381	5	16
382	5	144
383	5	20
384	5	148
385	5	24
386	5	28
387	5	32
388	5	36
389	5	40
390	5	41
391	5	43
392	5	44
393	5	48
394	5	52
395	5	56
396	5	60
397	5	64
398	5	68
399	5	72
400	5	76
401	5	80
402	5	84
403	5	88
404	5	92
405	5	96
406	5	100
407	5	104
408	5	108
409	5	112
410	5	113
411	5	114
412	5	115
413	5	116
414	5	120
415	5	124
416	6	128
417	6	4
418	6	132
419	6	8
420	6	136
421	6	12
422	6	140
423	6	16
424	6	144
425	6	20
426	6	148
427	6	24
428	6	28
429	6	32
430	6	36
431	6	40
432	6	44
433	6	48
434	6	52
435	6	56
436	6	60
437	6	64
438	6	68
439	6	72
440	6	76
441	6	80
442	6	84
443	6	88
444	6	92
445	6	96
446	6	100
447	6	104
448	6	108
449	6	112
450	6	116
451	6	120
452	6	124
453	7	1
454	7	2
455	7	3
456	7	4
457	7	5
458	7	6
459	7	7
460	7	8
461	7	9
462	7	10
463	7	11
464	7	12
465	7	13
466	7	14
467	7	15
468	7	16
469	7	17
470	7	18
471	7	19
472	7	20
473	7	21
474	7	22
475	7	23
476	7	24
477	7	25
478	7	26
479	7	27
480	7	28
481	7	29
482	7	30
483	7	31
484	7	32
485	7	33
486	7	34
487	7	35
488	7	36
489	7	37
490	7	38
491	7	39
492	7	40
493	7	41
494	7	43
495	7	44
496	7	45
497	7	46
498	7	47
499	7	48
500	7	49
501	7	50
502	7	51
503	7	52
504	7	53
505	7	54
506	7	55
507	7	56
508	7	57
509	7	58
510	7	59
511	7	60
512	7	61
513	7	62
514	7	63
515	7	64
516	7	65
517	7	66
518	7	67
519	7	68
520	7	69
521	7	70
522	7	71
523	7	72
524	7	73
525	7	74
526	7	75
527	7	76
528	7	77
529	7	78
530	7	79
531	7	80
532	7	81
533	7	82
534	7	83
535	7	84
536	7	85
537	7	86
538	7	87
539	7	88
540	7	89
541	7	90
542	7	91
543	7	92
544	7	93
545	7	94
546	7	95
547	7	96
548	7	97
549	7	98
550	7	99
551	7	100
552	7	101
553	7	102
554	7	103
555	7	104
556	7	105
557	7	106
558	7	107
559	7	108
560	7	109
561	7	110
562	7	111
563	7	112
564	7	113
565	7	114
566	7	115
567	7	116
568	7	117
569	7	118
570	7	119
571	7	120
572	7	121
573	7	122
574	7	123
575	7	124
576	7	125
577	7	126
578	7	127
579	7	128
580	7	129
581	7	130
582	7	131
583	7	132
584	7	133
585	7	134
586	7	135
587	7	136
588	7	137
589	7	138
590	7	139
591	7	140
592	7	141
593	7	142
594	7	143
595	7	144
596	7	145
597	7	146
598	7	147
599	7	148
600	8	128
601	8	4
602	8	132
603	8	8
604	8	136
605	8	12
606	8	140
607	8	16
608	8	144
609	8	20
610	8	148
611	8	24
612	8	28
613	8	32
614	8	36
615	8	40
616	8	41
617	8	43
618	8	44
619	8	48
620	8	52
621	8	56
622	8	60
623	8	64
624	8	68
625	8	72
626	8	76
627	8	80
628	8	84
629	8	88
630	8	92
631	8	96
632	8	100
633	8	104
634	8	108
635	8	112
636	8	113
637	8	114
638	8	115
639	8	116
640	8	120
641	8	124
642	9	128
643	9	4
644	9	132
645	9	8
646	9	136
647	9	12
648	9	140
649	9	16
650	9	144
651	9	20
652	9	148
653	9	24
654	9	28
655	9	32
656	9	36
657	9	40
658	9	44
659	9	48
660	9	52
661	9	56
662	9	60
663	9	64
664	9	68
665	9	72
666	9	76
667	9	80
668	9	84
669	9	88
670	9	92
671	9	96
672	9	100
673	9	104
674	9	108
675	9	112
676	9	116
677	9	120
678	9	124
679	10	1
680	10	2
681	10	3
682	10	4
683	10	5
684	10	6
685	10	7
686	10	8
687	10	9
688	10	10
689	10	11
690	10	12
691	10	13
692	10	14
693	10	15
694	10	16
695	10	17
696	10	18
697	10	19
698	10	20
699	10	21
700	10	22
701	10	23
702	10	24
703	10	25
704	10	26
705	10	27
706	10	28
707	10	29
708	10	30
709	10	31
710	10	32
711	10	33
712	10	34
713	10	35
714	10	36
715	10	37
716	10	38
717	10	39
718	10	40
719	10	41
720	10	43
721	10	44
722	10	45
723	10	46
724	10	47
725	10	48
726	10	49
727	10	50
728	10	51
729	10	52
730	10	53
731	10	54
732	10	55
733	10	56
734	10	57
735	10	58
736	10	59
737	10	60
738	10	61
739	10	62
740	10	63
741	10	64
742	10	65
743	10	66
744	10	67
745	10	68
746	10	69
747	10	70
748	10	71
749	10	72
750	10	73
751	10	74
752	10	75
753	10	76
754	10	77
755	10	78
756	10	79
757	10	80
758	10	81
759	10	82
760	10	83
761	10	84
762	10	85
763	10	86
764	10	87
765	10	88
766	10	89
767	10	90
768	10	91
769	10	92
770	10	93
771	10	94
772	10	95
773	10	96
774	10	97
775	10	98
776	10	99
777	10	100
778	10	101
779	10	102
780	10	103
781	10	104
782	10	105
783	10	106
784	10	107
785	10	108
786	10	109
787	10	110
788	10	111
789	10	112
790	10	113
791	10	114
792	10	115
793	10	116
794	10	117
795	10	118
796	10	119
797	10	120
798	10	121
799	10	122
800	10	123
801	10	124
802	10	125
803	10	126
804	10	127
805	10	128
806	10	129
807	10	130
808	10	131
809	10	132
810	10	133
811	10	134
812	10	135
813	10	136
814	10	137
815	10	138
816	10	139
817	10	140
818	10	141
819	10	142
820	10	143
821	10	144
822	10	145
823	10	146
824	10	147
825	10	148
826	11	128
827	11	4
828	11	132
829	11	8
830	11	136
831	11	12
832	11	140
833	11	16
834	11	144
835	11	20
836	11	148
837	11	24
838	11	28
839	11	32
840	11	36
841	11	40
842	11	41
843	11	43
844	11	44
845	11	48
846	11	52
847	11	56
848	11	60
849	11	64
850	11	68
851	11	72
852	11	76
853	11	80
854	11	84
855	11	88
856	11	92
857	11	96
858	11	100
859	11	104
860	11	108
861	11	112
862	11	113
863	11	114
864	11	115
865	11	116
866	11	120
867	11	124
868	12	128
869	12	4
870	12	132
871	12	8
872	12	136
873	12	12
874	12	140
875	12	16
876	12	144
877	12	20
878	12	148
879	12	24
880	12	28
881	12	32
882	12	36
883	12	40
884	12	44
885	12	48
886	12	52
887	12	56
888	12	60
889	12	64
890	12	68
891	12	72
892	12	76
893	12	80
894	12	84
895	12	88
896	12	92
897	12	96
898	12	100
899	12	104
900	12	108
901	12	112
902	12	116
903	12	120
904	12	124
\.


--
-- Data for Name: account_sprint; Type: TABLE DATA; Schema: public; Owner: postgres
--

COPY public.account_sprint (id, nombre_sprint, desc_sprint, estado_sprint, fecha_inicio, duracion_dias, capacidad, capacidad_restante, id_proyecto_id, cancel) FROM stdin;
4	sprint1	sprint1	Finalizado	2022-12-16	11	143	129	2	\N
2	Sprint2	Sprint2	Iniciado	2022-12-16	6	78	73	1	\N
1	sprint1	sprint1	Finalizado	2022-12-16	12	192	162	1	\N
3	Sprint3	si	Cancelado	2022-12-16	11	66	53	1	sin suficiente personal
5	Sprint4	dfsfddsfds	Planificado	2022-12-16	12	156	142	2	\N
6	Sprint1	sdsadsadas	Cancelado	2022-12-16	13	182	124	4	si
7	sprint1	sprint1	Planificado	2022-12-16	12	180	158	3	\N
\.


--
-- Data for Name: account_sprintbacklog; Type: TABLE DATA; Schema: public; Owner: postgres
--

COPY public.account_sprintbacklog (id, nombre_sprint_b, desc_sprint_b) FROM stdin;
\.


--
-- Data for Name: account_tareauserstory; Type: TABLE DATA; Schema: public; Owner: postgres
--

COPY public.account_tareauserstory (id, fecha, desc_tarea, duracion, id_user_story_id) FROM stdin;
1	2022-12-17	tarea1	9	1
2	2022-12-18	tarea2	10	1
3	2022-12-19	tarea3	10	1
4	2022-12-20	tarea 4	16	1
5	2022-12-21	tarea5	20	1
6	2022-12-22	tarea6	35	1
7	2022-12-22	tarea7	38	1
8	2022-12-17	tarea1	8	2
9	2022-12-23	tarea2	10	2
10	2022-12-19	tarea3	20	2
11	2022-12-20	tarea4	10	2
12	2022-12-21	tarea5	10	1
13	2022-12-27	tarea7	8	2
14	2022-12-27	si	5	1
15	2022-12-27	si	5	1
16	2022-12-16	tarea1	10	4
17	2022-12-17	tarea2	11	4
18	2022-12-20	tarea4	8	4
19	2022-12-21	tarea6	17	4
20	2022-12-17	sakdjsaj	10	5
21	2022-12-17	sakdjsaj	10	5
22	2022-12-19	sdssad	7	5
23	2022-12-20	dsaasdfsadsada	12	12
24	2022-12-20	asdadas	11	12
25	2022-12-22	sdsada	18	12
26	2022-12-23	fdgdfgfdg	20	14
27	2022-12-26	dsfsdfsd	30	14
\.


--
-- Data for Name: account_tipo_user_story; Type: TABLE DATA; Schema: public; Owner: postgres
--

COPY public.account_tipo_user_story (id, nombre_tipo_us, id_proyecto_id) FROM stdin;
1	tipo1	1
2	tipo2	1
3	tipo3	1
4	tipo1	2
5	tipo2	2
6	tipo3	2
7	tipo1	4
8	tipo2	4
9	tipo3	4
10	tipo1	3
11	tipo2	3
12	tipo3	3
\.


--
-- Data for Name: account_userstory; Type: TABLE DATA; Schema: public; Owner: postgres
--

COPY public.account_userstory (id, nombre_us, desc_us, horas_estimadas, horas_trabajadas, prioridad_tecnica, prioridad_negocio, prioridad_sprint, estado, prioridad_final, encargado_id, id_proyecto_id, id_sprint_id, id_tipo_user_story_id, estado_definitivo, rechazar, cancelar) FROM stdin;
12	fdgdsfgf	dsfdsfdsfs	12	41	9	3	3	Doing	8.4	2	4	6	7	Pendiente	\N	\N
3	UserStory3	UserStory3	8	0	5	8	0	Done	6.8	3	1	1	3	Finalizado	\N	\N
14	UserStory1	sdadsada	23	50	5	4	3	Doing	7.4	5	4	6	8	Pendiente	\N	\N
7	UserStory6	UserStory6	6	0	3	7	0	To Do	5.4	5	1	3	1	Pendiente	\N	\N
18	UserStory5	UserStory5	0	0	6	4	0	To Do	4.800000000000001	\N	2	\N	4	Cancelado	\N	Cancelado
5	UserStory5	UserStory5	7	27	8	4	3	Doing	8.6	5	1	3	1	Pendiente	\N	\N
15	UserStory1	UserStory1	7	0	6	8	0	To Do	7.2	2	3	7	10	Pendiente	\N	\N
9	UserStory2	UserStory2	6	0	7	5	0	To Do	5.800000000000001	5	2	5	4	Pendiente	\N	\N
8	UserStory1	UserStory1	6	0	9	11	0	Done	10.2	2	2	4	4	Cancelado	asdsad	\N
17	UserStory3	UserStory3	8	0	4	7	0	To Do	5.800000000000001	4	3	7	10	Pendiente	\N	\N
4	UserStory4	UserStory4	5	46	8	3	3	Doing	8	5	1	2	1	Pendiente	\N	\N
1	UserStory1	UserStory1	14	158	5	7	3	Done	9.2	5	1	1	1	Finalizado	\N	\N
2	UserStory2	UserStory2	8	56	7	6	3	Done	9.4	5	1	1	2	Finalizado	\N	\N
11	UserStory4	sadsadsad	8	0	6	8	0	To Do	7.2	2	2	5	5	Pendiente	\N	\N
16	UserStory2	UserStory2	7	0	7	3	0	To Do	4.6	2	3	7	10	Pendiente	\N	\N
13	UserStory1	sdadsada	0	0	5	4	0	To Do	4.4	\N	4	\N	8	Pendiente	\N	\N
10	UserStory3	sdasada	4	0	11	5	0	To Do	7.4	3	2	4	4	Pendiente	\N	\N
19	UserStory3	sdasada	4	0	11	5	0	To Do	7.4	\N	2	\N	4	Pendiente	\N	\N
\.


--
-- Data for Name: account_usuarios; Type: TABLE DATA; Schema: public; Owner: postgres
--

COPY public.account_usuarios (id, nombre_usuario, contrasena_usuario, estado_usuario) FROM stdin;
\.


--
-- Data for Name: auth_group; Type: TABLE DATA; Schema: public; Owner: postgres
--

COPY public.auth_group (id, name) FROM stdin;
\.


--
-- Data for Name: auth_group_permissions; Type: TABLE DATA; Schema: public; Owner: postgres
--

COPY public.auth_group_permissions (id, group_id, permission_id) FROM stdin;
\.


--
-- Data for Name: auth_permission; Type: TABLE DATA; Schema: public; Owner: postgres
--

COPY public.auth_permission (id, name, content_type_id, codename) FROM stdin;
1	Can add kanban	1	add_kanban
2	Can change kanban	1	change_kanban
3	Can delete kanban	1	delete_kanban
4	Can view kanban	1	view_kanban
5	Can add permisos	2	add_permisos
6	Can change permisos	2	change_permisos
7	Can delete permisos	2	delete_permisos
8	Can view permisos	2	view_permisos
9	Can add permission	3	add_permission
10	Can change permission	3	change_permission
11	Can delete permission	3	delete_permission
12	Can view permission	3	view_permission
13	Can add proyectos	4	add_proyectos
14	Can change proyectos	4	change_proyectos
15	Can delete proyectos	4	delete_proyectos
16	Can view proyectos	4	view_proyectos
17	Can add reportes	5	add_reportes
18	Can change reportes	5	change_reportes
19	Can delete reportes	5	delete_reportes
20	Can view reportes	5	view_reportes
21	Can add reuniones	6	add_reuniones
22	Can change reuniones	6	change_reuniones
23	Can delete reuniones	6	delete_reuniones
24	Can view reuniones	6	view_reuniones
25	Can add sprint	7	add_sprint
26	Can change sprint	7	change_sprint
27	Can delete sprint	7	delete_sprint
28	Can view sprint	7	view_sprint
29	Can add sprint backlog	8	add_sprintbacklog
30	Can change sprint backlog	8	change_sprintbacklog
31	Can delete sprint backlog	8	delete_sprintbacklog
32	Can view sprint backlog	8	view_sprintbacklog
33	Can add tipo_ user_ story	9	add_tipo_user_story
34	Can change tipo_ user_ story	9	change_tipo_user_story
35	Can delete tipo_ user_ story	9	delete_tipo_user_story
36	Can view tipo_ user_ story	9	view_tipo_user_story
37	Can add usuarios	10	add_usuarios
38	Can change usuarios	10	change_usuarios
39	Can delete usuarios	10	delete_usuarios
40	Can view usuarios	10	view_usuarios
41	Can add user story	11	add_userstory
42	Can change user story	11	change_userstory
43	Can delete user story	11	delete_userstory
44	Can view user story	11	view_userstory
45	Can add rol	12	add_rol
46	Can change rol	12	change_rol
47	Can delete rol	12	delete_rol
48	Can view rol	12	view_rol
49	Can add profile	13	add_profile
50	Can change profile	13	change_profile
51	Can delete profile	13	delete_profile
52	Can view profile	13	view_profile
53	Can add miembros	14	add_miembros
54	Can change miembros	14	change_miembros
55	Can delete miembros	14	delete_miembros
56	Can view miembros	14	view_miembros
57	Can add miembro_ sprint	15	add_miembro_sprint
58	Can change miembro_ sprint	15	change_miembro_sprint
59	Can delete miembro_ sprint	15	delete_miembro_sprint
60	Can view miembro_ sprint	15	view_miembro_sprint
61	Can add log user story	16	add_loguserstory
62	Can change log user story	16	change_loguserstory
63	Can delete log user story	16	delete_loguserstory
64	Can view log user story	16	view_loguserstory
65	Can add log tipo_ user_ story	17	add_logtipo_user_story
66	Can change log tipo_ user_ story	17	change_logtipo_user_story
67	Can delete log tipo_ user_ story	17	delete_logtipo_user_story
68	Can view log tipo_ user_ story	17	view_logtipo_user_story
69	Can add log sprint	18	add_logsprint
70	Can change log sprint	18	change_logsprint
71	Can delete log sprint	18	delete_logsprint
72	Can view log sprint	18	view_logsprint
73	Can add log rol	19	add_logrol
74	Can change log rol	19	change_logrol
75	Can delete log rol	19	delete_logrol
76	Can view log rol	19	view_logrol
77	Can add log proyectos	20	add_logproyectos
78	Can change log proyectos	20	change_logproyectos
79	Can delete log proyectos	20	delete_logproyectos
80	Can view log proyectos	20	view_logproyectos
81	Can add log miembros	21	add_logmiembros
82	Can change log miembros	21	change_logmiembros
83	Can delete log miembros	21	delete_logmiembros
84	Can view log miembros	21	view_logmiembros
85	Can add log miembro_ sprint	22	add_logmiembro_sprint
86	Can change log miembro_ sprint	22	change_logmiembro_sprint
87	Can delete log miembro_ sprint	22	delete_logmiembro_sprint
88	Can view log miembro_ sprint	22	view_logmiembro_sprint
89	Can add log estados	23	add_logestados
90	Can change log estados	23	change_logestados
91	Can delete log estados	23	delete_logestados
92	Can view log estados	23	view_logestados
93	Can add estados	24	add_estados
94	Can change estados	24	change_estados
95	Can delete estados	24	delete_estados
96	Can view estados	24	view_estados
97	Can add backlogs	25	add_backlogs
98	Can change backlogs	25	change_backlogs
99	Can delete backlogs	25	delete_backlogs
100	Can view backlogs	25	view_backlogs
101	Can add tarea user story	26	add_tareauserstory
102	Can change tarea user story	26	change_tareauserstory
103	Can delete tarea user story	26	delete_tareauserstory
104	Can view tarea user story	26	view_tareauserstory
105	Can add log entry	27	add_logentry
106	Can change log entry	27	change_logentry
107	Can delete log entry	27	delete_logentry
108	Can view log entry	27	view_logentry
109	Can add permission	28	add_permission
110	Can change permission	28	change_permission
111	Can delete permission	28	delete_permission
112	Can view permission	28	view_permission
113	Can add group	29	add_group
114	Can change group	29	change_group
115	Can delete group	29	delete_group
116	Can view group	29	view_group
117	Can add user	30	add_user
118	Can change user	30	change_user
119	Can delete user	30	delete_user
120	Can view user	30	view_user
121	Can add content type	31	add_contenttype
122	Can change content type	31	change_contenttype
123	Can delete content type	31	delete_contenttype
124	Can view content type	31	view_contenttype
125	Can add session	32	add_session
126	Can change session	32	change_session
127	Can delete session	32	delete_session
128	Can view session	32	view_session
129	Can add association	33	add_association
130	Can change association	33	change_association
131	Can delete association	33	delete_association
132	Can view association	33	view_association
133	Can add code	34	add_code
134	Can change code	34	change_code
135	Can delete code	34	delete_code
136	Can view code	34	view_code
137	Can add nonce	35	add_nonce
138	Can change nonce	35	change_nonce
139	Can delete nonce	35	delete_nonce
140	Can view nonce	35	view_nonce
141	Can add user social auth	36	add_usersocialauth
142	Can change user social auth	36	change_usersocialauth
143	Can delete user social auth	36	delete_usersocialauth
144	Can view user social auth	36	view_usersocialauth
145	Can add partial	37	add_partial
146	Can change partial	37	change_partial
147	Can delete partial	37	delete_partial
148	Can view partial	37	view_partial
\.


--
-- Data for Name: auth_user; Type: TABLE DATA; Schema: public; Owner: postgres
--

COPY public.auth_user (id, password, last_login, is_superuser, username, first_name, last_name, email, is_staff, is_active, date_joined) FROM stdin;
3		\N	f	diego2	Diego		diegoespinola98@fpuna.edu.py	f	t	2022-12-16 02:52:22.98372-03
1	pbkdf2_sha256$390000$TMXkrl41Mm0urU9qYdWeuA$pEr/axaCyo9Ob/gJiF41h4iPQier1DbG6dlFM0r9Bj4=	2022-12-16 10:32:53.081784-03	t	justo	Justo	Balbuena Hernandez	justibal@gmail.com	t	t	2022-12-16 02:48:37.338993-03
2		2022-12-16 12:31:37.524234-03	f	javier	Justo Javier	Balbuena Hernandez	jjbalbuena@fpuna.edu.py	f	t	2022-12-16 02:52:01.333112-03
5		2022-12-16 12:33:44.639501-03	f	matias	Matias Rubén	Sánchez Sánchez	sanchezmatias968@fpuna.edu.py	f	t	2022-12-16 02:53:27.328015-03
4		2022-12-16 12:58:18.295112-03	f	robert	Roberto	Amarilla	robertocarlos2022is2@gmail.com	f	t	2022-12-16 02:52:45.239443-03
\.


--
-- Data for Name: auth_user_groups; Type: TABLE DATA; Schema: public; Owner: postgres
--

COPY public.auth_user_groups (id, user_id, group_id) FROM stdin;
\.


--
-- Data for Name: auth_user_user_permissions; Type: TABLE DATA; Schema: public; Owner: postgres
--

COPY public.auth_user_user_permissions (id, user_id, permission_id) FROM stdin;
\.


--
-- Data for Name: django_admin_log; Type: TABLE DATA; Schema: public; Owner: postgres
--

COPY public.django_admin_log (id, action_time, object_id, object_repr, action_flag, change_message, content_type_id, user_id) FROM stdin;
\.


--
-- Data for Name: django_content_type; Type: TABLE DATA; Schema: public; Owner: postgres
--

COPY public.django_content_type (id, app_label, model) FROM stdin;
1	account	kanban
2	account	permisos
3	account	permission
4	account	proyectos
5	account	reportes
6	account	reuniones
7	account	sprint
8	account	sprintbacklog
9	account	tipo_user_story
10	account	usuarios
11	account	userstory
12	account	rol
13	account	profile
14	account	miembros
15	account	miembro_sprint
16	account	loguserstory
17	account	logtipo_user_story
18	account	logsprint
19	account	logrol
20	account	logproyectos
21	account	logmiembros
22	account	logmiembro_sprint
23	account	logestados
24	account	estados
25	account	backlogs
26	account	tareauserstory
27	admin	logentry
28	auth	permission
29	auth	group
30	auth	user
31	contenttypes	contenttype
32	sessions	session
33	social_django	association
34	social_django	code
35	social_django	nonce
36	social_django	usersocialauth
37	social_django	partial
\.


--
-- Data for Name: django_migrations; Type: TABLE DATA; Schema: public; Owner: postgres
--

COPY public.django_migrations (id, app, name, applied) FROM stdin;
1	contenttypes	0001_initial	2022-12-16 02:47:23.774206-03
2	contenttypes	0002_remove_content_type_name	2022-12-16 02:47:23.813173-03
3	auth	0001_initial	2022-12-16 02:47:24.725904-03
4	auth	0002_alter_permission_name_max_length	2022-12-16 02:47:24.764936-03
5	auth	0003_alter_user_email_max_length	2022-12-16 02:47:24.802341-03
6	auth	0004_alter_user_username_opts	2022-12-16 02:47:24.846868-03
7	auth	0005_alter_user_last_login_null	2022-12-16 02:47:24.872267-03
8	auth	0006_require_contenttypes_0002	2022-12-16 02:47:24.878385-03
9	auth	0007_alter_validators_add_error_messages	2022-12-16 02:47:24.896498-03
10	auth	0008_alter_user_username_max_length	2022-12-16 02:47:24.96046-03
11	auth	0009_alter_user_last_name_max_length	2022-12-16 02:47:25.004777-03
12	auth	0010_alter_group_name_max_length	2022-12-16 02:47:25.056651-03
13	auth	0011_update_proxy_permissions	2022-12-16 02:47:25.105306-03
14	auth	0012_alter_user_first_name_max_length	2022-12-16 02:47:25.139447-03
15	account	0001_initial	2022-12-16 02:47:30.435021-03
16	account	0002_userstory_estado_definitivo_tareauserstory	2022-12-16 02:47:30.783159-03
17	account	0003_rename_desc_daily_tareauserstory_desc_tarea	2022-12-16 02:47:30.850763-03
18	account	0004_rename_fecha_inicio_tareauserstory_fecha	2022-12-16 02:47:30.885612-03
19	account	0005_rename_horas_trabajadas_tareauserstory_duracion	2022-12-16 02:47:30.9134-03
20	account	0006_loguserstory_id_user_story_and_more	2022-12-16 02:47:31.240668-03
21	account	0007_proyectos_cancelar	2022-12-16 02:47:31.356295-03
22	account	0008_userstory_rechazar	2022-12-16 02:47:31.408492-03
23	account	0009_sprint_cancel	2022-12-16 02:47:31.457028-03
24	admin	0001_initial	2022-12-16 02:47:31.803061-03
25	admin	0002_logentry_remove_auto_add	2022-12-16 02:47:31.892957-03
26	admin	0003_logentry_add_action_flag_choices	2022-12-16 02:47:31.948544-03
27	sessions	0001_initial	2022-12-16 02:47:32.114577-03
28	default	0001_initial	2022-12-16 02:47:32.846582-03
29	social_auth	0001_initial	2022-12-16 02:47:32.856166-03
30	default	0002_add_related_name	2022-12-16 02:47:33.044826-03
31	social_auth	0002_add_related_name	2022-12-16 02:47:33.046384-03
32	default	0003_alter_email_max_length	2022-12-16 02:47:33.067308-03
33	social_auth	0003_alter_email_max_length	2022-12-16 02:47:33.068755-03
34	default	0004_auto_20160423_0400	2022-12-16 02:47:33.093479-03
35	social_auth	0004_auto_20160423_0400	2022-12-16 02:47:33.095122-03
36	social_auth	0005_auto_20160727_2333	2022-12-16 02:47:33.152924-03
37	social_django	0006_partial	2022-12-16 02:47:33.355304-03
38	social_django	0007_code_timestamp	2022-12-16 02:47:33.433807-03
39	social_django	0008_partial_timestamp	2022-12-16 02:47:33.499615-03
40	social_django	0009_auto_20191118_0520	2022-12-16 02:47:33.616767-03
41	social_django	0010_uid_db_index	2022-12-16 02:47:33.723623-03
42	social_django	0005_auto_20160727_2333	2022-12-16 02:47:33.754594-03
43	social_django	0002_add_related_name	2022-12-16 02:47:33.767098-03
44	social_django	0001_initial	2022-12-16 02:47:33.787696-03
45	social_django	0004_auto_20160423_0400	2022-12-16 02:47:33.798476-03
46	social_django	0003_alter_email_max_length	2022-12-16 02:47:33.811221-03
47	account	0010_userstory_cancelar	2022-12-16 12:16:40.790041-03
\.


--
-- Data for Name: django_session; Type: TABLE DATA; Schema: public; Owner: postgres
--

COPY public.django_session (session_key, session_data, expire_date) FROM stdin;
9teyn0218i06t2a0fp6sunv754a22d7s	.eJxVkM2qwjAQRt8la28xaUISdxehghuLuLjXTZhM0h8NBpoIgvjuturCrga-4XxnmDtpY2yD_4lwzR0zKUP2ZEW6f15vt_po83C71eovHepQrQ9n54Ld76sTWRAzEeaa_GB6NyJsnlnAs79MixSxh2AwDr74pKl4a4vNa-x-J_mc7yB1I0xZyaUsHVOOClw2JcclbxQoy3jDtfAKkSLVVGongUlRShDOalSCIvBmLP34X9UBUjYhtv3l68DZC8jjCfSfXNk:1p6Anm:8_OB7p8qZkXi0RZYRGW0rxxTf0PeemS0JG4cL9tfQc4	2022-12-30 10:31:02.758774-03
e9on81zc053e1kp8uu91srviikcam610	eyJnb29nbGUtb2F1dGgyX3N0YXRlIjoiUlpJekFCTmNLb1J1cEdwVUxIY1ZPMlVQQ1dlbTBTU1AifQ:1p6AoX:CcAIYkumFpBzT9WND70V_MzR37sgecpk86f7TDnnZos	2022-12-30 10:31:49.489067-03
i339e4scolin8hd5evucnt746col3zsy	.eJxVkMFqhDAQht8l565sYkJib7sebJdduqWlQi9hnCQqihHjLktL371q91BPA__w_d8w36T0vmztxsNlrJgOI4yWPJL96e0GH-_d51f67HN3OGcpbfpjej3dfJ-_PpEHomdCX4IddG0mhK-zArCx3bwIHmtoNfrBRvc0RH_aKFvGy26Wr_kKQjXBlMVcytgwZajArYs5brlToArGHU-EVYgUaUJlYiQwKWIJwhQJKkERuJtK7_6luoUw6taXdffvwNULyM8v6Edcyg:1p6D6I:oAWjsyHUe_OLgLnRwi3Dy3KLqo7Iiztxyx8VeASx2-k	2022-12-30 12:58:18.307175-03
\.


--
-- Data for Name: social_auth_association; Type: TABLE DATA; Schema: public; Owner: postgres
--

COPY public.social_auth_association (id, server_url, handle, secret, issued, lifetime, assoc_type) FROM stdin;
\.


--
-- Data for Name: social_auth_code; Type: TABLE DATA; Schema: public; Owner: postgres
--

COPY public.social_auth_code (id, email, code, verified, "timestamp") FROM stdin;
\.


--
-- Data for Name: social_auth_nonce; Type: TABLE DATA; Schema: public; Owner: postgres
--

COPY public.social_auth_nonce (id, server_url, "timestamp", salt) FROM stdin;
\.


--
-- Data for Name: social_auth_partial; Type: TABLE DATA; Schema: public; Owner: postgres
--

COPY public.social_auth_partial (id, token, next_step, backend, data, "timestamp") FROM stdin;
\.


--
-- Data for Name: social_auth_usersocialauth; Type: TABLE DATA; Schema: public; Owner: postgres
--

COPY public.social_auth_usersocialauth (id, provider, uid, extra_data, user_id, created, modified) FROM stdin;
4	google-oauth2	robertocarlos2022is2@gmail.com	{"auth_time": 1671206298, "expires": 3599, "token_type": "Bearer", "access_token": "ya29.a0AX9GBdUWwbc-WGu6Yf0KJMDqhHTJITG9awI33nrM0IEepoHPNzLdbOp15xMEDmFmP0ONLDvYgVAzBS5r_JgfFaAoHgQJsqQ_pmUEtRS0rhEivq6OOEfB_J_AgYvAz_jyuj5jwooSMJX4JjeNFh-tg-EtIFKUaCgYKAbMSARISFQHUCsbCk9WcVUH9T5AGtgrnrQxcAg0163"}	4	2022-12-16 04:24:41.83735-03	2022-12-16 12:58:18.242836-03
1	google-oauth2	justibal@gmail.com	{"auth_time": 1671197573, "expires": 3599, "token_type": "Bearer", "access_token": "ya29.a0AX9GBdU4ytPk2Y2ayht93qMjvKq6YlYIOMdV-fRjKkObG0AQVzbtCNfE1IveaCJ-Z3VPV6t1m0jtJ1q2t6-87M3fQPN1fC7rYqNb2XjA6B4t1XRm7NiPO1WMAW0jGg3Fs7UC3X6kpAgRB5tT2u7C8TRhesu2aCgYKAR4SARASFQHUCsbCkzWtQLZmw0ocbt9O3XU8-g0163"}	1	2022-12-16 02:51:39.35937-03	2022-12-16 10:32:53.047203-03
2	google-oauth2	jjbalbuena@fpuna.edu.py	{"auth_time": 1671204697, "expires": 3599, "token_type": "Bearer", "access_token": "ya29.a0AX9GBdVZRa71pY35TxDYsYWMx8nGSrNFkEeXoZ3tKmXwIRfYILlgeXIlZ2GxJk6ZQOMyy7OMUPy3IVZyBcF24AtF5KmdUW-qP9lsWFJjFX563Zq6wVd_UwhB5t2cTD4Aa6ZiNV4wAWoDnewpYInpsosN9Uv2aCgYKAQUSARASFQHUCsbC7fCOZ633nbk-2E2Y5aG3xA0163"}	2	2022-12-16 03:00:02.897298-03	2022-12-16 12:31:37.492362-03
3	google-oauth2	sanchezmatias968@fpuna.edu.py	{"auth_time": 1671204824, "expires": 3599, "token_type": "Bearer", "access_token": "ya29.a0AX9GBdXQZYM2dVNheAQUHfsPXoKX2b4P2y8Me9HkHm_AEkYw6Y2WHPZcbuQXBzzSHVtSGtAqqOFyL0nnm4kGMjLIjumlAqlYlJyQ-SbpYLeEViefN3fMytTmT8KHmSCDJL0truNTZFUYy9usCXa7TOZS2Z0jaCgYKAUYSAQ4SFQHUCsbCareHD44dl-JZi0e5SMWYDQ0163"}	5	2022-12-16 03:30:20.793723-03	2022-12-16 12:33:44.60023-03
\.


--
-- Name: account_backlogs_id_seq; Type: SEQUENCE SET; Schema: public; Owner: postgres
--

SELECT pg_catalog.setval('public.account_backlogs_id_seq', 1, false);


--
-- Name: account_estados_id_seq; Type: SEQUENCE SET; Schema: public; Owner: postgres
--

SELECT pg_catalog.setval('public.account_estados_id_seq', 36, true);


--
-- Name: account_kanban_id_seq; Type: SEQUENCE SET; Schema: public; Owner: postgres
--

SELECT pg_catalog.setval('public.account_kanban_id_seq', 1, false);


--
-- Name: account_logestados_id_seq; Type: SEQUENCE SET; Schema: public; Owner: postgres
--

SELECT pg_catalog.setval('public.account_logestados_id_seq', 1, false);


--
-- Name: account_logmiembro_sprint_id_seq; Type: SEQUENCE SET; Schema: public; Owner: postgres
--

SELECT pg_catalog.setval('public.account_logmiembro_sprint_id_seq', 1, false);


--
-- Name: account_logmiembros_id_rol_id_seq; Type: SEQUENCE SET; Schema: public; Owner: postgres
--

SELECT pg_catalog.setval('public.account_logmiembros_id_rol_id_seq', 1, false);


--
-- Name: account_logmiembros_id_seq; Type: SEQUENCE SET; Schema: public; Owner: postgres
--

SELECT pg_catalog.setval('public.account_logmiembros_id_seq', 1, false);


--
-- Name: account_logproyectos_id_seq; Type: SEQUENCE SET; Schema: public; Owner: postgres
--

SELECT pg_catalog.setval('public.account_logproyectos_id_seq', 20, true);


--
-- Name: account_logrol_id_seq; Type: SEQUENCE SET; Schema: public; Owner: postgres
--

SELECT pg_catalog.setval('public.account_logrol_id_seq', 1, false);


--
-- Name: account_logrol_permisos_id_seq; Type: SEQUENCE SET; Schema: public; Owner: postgres
--

SELECT pg_catalog.setval('public.account_logrol_permisos_id_seq', 1, false);


--
-- Name: account_logsprint_id_seq; Type: SEQUENCE SET; Schema: public; Owner: postgres
--

SELECT pg_catalog.setval('public.account_logsprint_id_seq', 40, true);


--
-- Name: account_logtipo_user_story_id_seq; Type: SEQUENCE SET; Schema: public; Owner: postgres
--

SELECT pg_catalog.setval('public.account_logtipo_user_story_id_seq', 1, false);


--
-- Name: account_loguserstory_id_seq; Type: SEQUENCE SET; Schema: public; Owner: postgres
--

SELECT pg_catalog.setval('public.account_loguserstory_id_seq', 27, true);


--
-- Name: account_miembro_sprint_id_seq; Type: SEQUENCE SET; Schema: public; Owner: postgres
--

SELECT pg_catalog.setval('public.account_miembro_sprint_id_seq', 13, true);


--
-- Name: account_miembros_id_rol_id_seq; Type: SEQUENCE SET; Schema: public; Owner: postgres
--

SELECT pg_catalog.setval('public.account_miembros_id_rol_id_seq', 19, true);


--
-- Name: account_miembros_id_seq; Type: SEQUENCE SET; Schema: public; Owner: postgres
--

SELECT pg_catalog.setval('public.account_miembros_id_seq', 19, true);


--
-- Name: account_permisos_id_seq; Type: SEQUENCE SET; Schema: public; Owner: postgres
--

SELECT pg_catalog.setval('public.account_permisos_id_seq', 1, false);


--
-- Name: account_profile_id_seq; Type: SEQUENCE SET; Schema: public; Owner: postgres
--

SELECT pg_catalog.setval('public.account_profile_id_seq', 4, true);


--
-- Name: account_proyectos_id_seq; Type: SEQUENCE SET; Schema: public; Owner: postgres
--

SELECT pg_catalog.setval('public.account_proyectos_id_seq', 4, true);


--
-- Name: account_reportes_id_seq; Type: SEQUENCE SET; Schema: public; Owner: postgres
--

SELECT pg_catalog.setval('public.account_reportes_id_seq', 1, false);


--
-- Name: account_reuniones_id_seq; Type: SEQUENCE SET; Schema: public; Owner: postgres
--

SELECT pg_catalog.setval('public.account_reuniones_id_seq', 1, false);


--
-- Name: account_rol_id_seq; Type: SEQUENCE SET; Schema: public; Owner: postgres
--

SELECT pg_catalog.setval('public.account_rol_id_seq', 12, true);


--
-- Name: account_rol_permisos_id_seq; Type: SEQUENCE SET; Schema: public; Owner: postgres
--

SELECT pg_catalog.setval('public.account_rol_permisos_id_seq', 904, true);


--
-- Name: account_sprint_id_seq; Type: SEQUENCE SET; Schema: public; Owner: postgres
--

SELECT pg_catalog.setval('public.account_sprint_id_seq', 7, true);


--
-- Name: account_sprintbacklog_id_seq; Type: SEQUENCE SET; Schema: public; Owner: postgres
--

SELECT pg_catalog.setval('public.account_sprintbacklog_id_seq', 1, false);


--
-- Name: account_tareauserstory_id_seq; Type: SEQUENCE SET; Schema: public; Owner: postgres
--

SELECT pg_catalog.setval('public.account_tareauserstory_id_seq', 27, true);


--
-- Name: account_tipo_user_story_id_seq; Type: SEQUENCE SET; Schema: public; Owner: postgres
--

SELECT pg_catalog.setval('public.account_tipo_user_story_id_seq', 12, true);


--
-- Name: account_userstory_id_seq; Type: SEQUENCE SET; Schema: public; Owner: postgres
--

SELECT pg_catalog.setval('public.account_userstory_id_seq', 19, true);


--
-- Name: account_usuarios_id_seq; Type: SEQUENCE SET; Schema: public; Owner: postgres
--

SELECT pg_catalog.setval('public.account_usuarios_id_seq', 1, false);


--
-- Name: auth_group_id_seq; Type: SEQUENCE SET; Schema: public; Owner: postgres
--

SELECT pg_catalog.setval('public.auth_group_id_seq', 1, false);


--
-- Name: auth_group_permissions_id_seq; Type: SEQUENCE SET; Schema: public; Owner: postgres
--

SELECT pg_catalog.setval('public.auth_group_permissions_id_seq', 1, false);


--
-- Name: auth_permission_id_seq; Type: SEQUENCE SET; Schema: public; Owner: postgres
--

SELECT pg_catalog.setval('public.auth_permission_id_seq', 148, true);


--
-- Name: auth_user_groups_id_seq; Type: SEQUENCE SET; Schema: public; Owner: postgres
--

SELECT pg_catalog.setval('public.auth_user_groups_id_seq', 1, false);


--
-- Name: auth_user_id_seq; Type: SEQUENCE SET; Schema: public; Owner: postgres
--

SELECT pg_catalog.setval('public.auth_user_id_seq', 5, true);


--
-- Name: auth_user_user_permissions_id_seq; Type: SEQUENCE SET; Schema: public; Owner: postgres
--

SELECT pg_catalog.setval('public.auth_user_user_permissions_id_seq', 1, false);


--
-- Name: django_admin_log_id_seq; Type: SEQUENCE SET; Schema: public; Owner: postgres
--

SELECT pg_catalog.setval('public.django_admin_log_id_seq', 1, false);


--
-- Name: django_content_type_id_seq; Type: SEQUENCE SET; Schema: public; Owner: postgres
--

SELECT pg_catalog.setval('public.django_content_type_id_seq', 37, true);


--
-- Name: django_migrations_id_seq; Type: SEQUENCE SET; Schema: public; Owner: postgres
--

SELECT pg_catalog.setval('public.django_migrations_id_seq', 47, true);


--
-- Name: social_auth_association_id_seq; Type: SEQUENCE SET; Schema: public; Owner: postgres
--

SELECT pg_catalog.setval('public.social_auth_association_id_seq', 1, false);


--
-- Name: social_auth_code_id_seq; Type: SEQUENCE SET; Schema: public; Owner: postgres
--

SELECT pg_catalog.setval('public.social_auth_code_id_seq', 1, false);


--
-- Name: social_auth_nonce_id_seq; Type: SEQUENCE SET; Schema: public; Owner: postgres
--

SELECT pg_catalog.setval('public.social_auth_nonce_id_seq', 1, false);


--
-- Name: social_auth_partial_id_seq; Type: SEQUENCE SET; Schema: public; Owner: postgres
--

SELECT pg_catalog.setval('public.social_auth_partial_id_seq', 1, false);


--
-- Name: social_auth_usersocialauth_id_seq; Type: SEQUENCE SET; Schema: public; Owner: postgres
--

SELECT pg_catalog.setval('public.social_auth_usersocialauth_id_seq', 4, true);


--
-- Name: account_backlogs account_backlogs_pkey; Type: CONSTRAINT; Schema: public; Owner: postgres
--

ALTER TABLE ONLY public.account_backlogs
    ADD CONSTRAINT account_backlogs_pkey PRIMARY KEY (id);


--
-- Name: account_estados account_estados_pkey; Type: CONSTRAINT; Schema: public; Owner: postgres
--

ALTER TABLE ONLY public.account_estados
    ADD CONSTRAINT account_estados_pkey PRIMARY KEY (id);


--
-- Name: account_kanban account_kanban_pkey; Type: CONSTRAINT; Schema: public; Owner: postgres
--

ALTER TABLE ONLY public.account_kanban
    ADD CONSTRAINT account_kanban_pkey PRIMARY KEY (id);


--
-- Name: account_logestados account_logestados_pkey; Type: CONSTRAINT; Schema: public; Owner: postgres
--

ALTER TABLE ONLY public.account_logestados
    ADD CONSTRAINT account_logestados_pkey PRIMARY KEY (id);


--
-- Name: account_logmiembro_sprint account_logmiembro_sprint_pkey; Type: CONSTRAINT; Schema: public; Owner: postgres
--

ALTER TABLE ONLY public.account_logmiembro_sprint
    ADD CONSTRAINT account_logmiembro_sprint_pkey PRIMARY KEY (id);


--
-- Name: account_logmiembros_id_rol account_logmiembros_id_rol_logmiembros_id_rol_id_e7d9e5dc_uniq; Type: CONSTRAINT; Schema: public; Owner: postgres
--

ALTER TABLE ONLY public.account_logmiembros_id_rol
    ADD CONSTRAINT account_logmiembros_id_rol_logmiembros_id_rol_id_e7d9e5dc_uniq UNIQUE (logmiembros_id, rol_id);


--
-- Name: account_logmiembros_id_rol account_logmiembros_id_rol_pkey; Type: CONSTRAINT; Schema: public; Owner: postgres
--

ALTER TABLE ONLY public.account_logmiembros_id_rol
    ADD CONSTRAINT account_logmiembros_id_rol_pkey PRIMARY KEY (id);


--
-- Name: account_logmiembros account_logmiembros_pkey; Type: CONSTRAINT; Schema: public; Owner: postgres
--

ALTER TABLE ONLY public.account_logmiembros
    ADD CONSTRAINT account_logmiembros_pkey PRIMARY KEY (id);


--
-- Name: account_logproyectos account_logproyectos_pkey; Type: CONSTRAINT; Schema: public; Owner: postgres
--

ALTER TABLE ONLY public.account_logproyectos
    ADD CONSTRAINT account_logproyectos_pkey PRIMARY KEY (id);


--
-- Name: account_logrol_permisos account_logrol_permisos_logrol_id_permission_id_2825cbc3_uniq; Type: CONSTRAINT; Schema: public; Owner: postgres
--

ALTER TABLE ONLY public.account_logrol_permisos
    ADD CONSTRAINT account_logrol_permisos_logrol_id_permission_id_2825cbc3_uniq UNIQUE (logrol_id, permission_id);


--
-- Name: account_logrol_permisos account_logrol_permisos_pkey; Type: CONSTRAINT; Schema: public; Owner: postgres
--

ALTER TABLE ONLY public.account_logrol_permisos
    ADD CONSTRAINT account_logrol_permisos_pkey PRIMARY KEY (id);


--
-- Name: account_logrol account_logrol_pkey; Type: CONSTRAINT; Schema: public; Owner: postgres
--

ALTER TABLE ONLY public.account_logrol
    ADD CONSTRAINT account_logrol_pkey PRIMARY KEY (id);


--
-- Name: account_logsprint account_logsprint_pkey; Type: CONSTRAINT; Schema: public; Owner: postgres
--

ALTER TABLE ONLY public.account_logsprint
    ADD CONSTRAINT account_logsprint_pkey PRIMARY KEY (id);


--
-- Name: account_logtipo_user_story account_logtipo_user_story_pkey; Type: CONSTRAINT; Schema: public; Owner: postgres
--

ALTER TABLE ONLY public.account_logtipo_user_story
    ADD CONSTRAINT account_logtipo_user_story_pkey PRIMARY KEY (id);


--
-- Name: account_loguserstory account_loguserstory_pkey; Type: CONSTRAINT; Schema: public; Owner: postgres
--

ALTER TABLE ONLY public.account_loguserstory
    ADD CONSTRAINT account_loguserstory_pkey PRIMARY KEY (id);


--
-- Name: account_miembro_sprint account_miembro_sprint_pkey; Type: CONSTRAINT; Schema: public; Owner: postgres
--

ALTER TABLE ONLY public.account_miembro_sprint
    ADD CONSTRAINT account_miembro_sprint_pkey PRIMARY KEY (id);


--
-- Name: account_miembros_id_rol account_miembros_id_rol_miembros_id_rol_id_420653ad_uniq; Type: CONSTRAINT; Schema: public; Owner: postgres
--

ALTER TABLE ONLY public.account_miembros_id_rol
    ADD CONSTRAINT account_miembros_id_rol_miembros_id_rol_id_420653ad_uniq UNIQUE (miembros_id, rol_id);


--
-- Name: account_miembros_id_rol account_miembros_id_rol_pkey; Type: CONSTRAINT; Schema: public; Owner: postgres
--

ALTER TABLE ONLY public.account_miembros_id_rol
    ADD CONSTRAINT account_miembros_id_rol_pkey PRIMARY KEY (id);


--
-- Name: account_miembros account_miembros_pkey; Type: CONSTRAINT; Schema: public; Owner: postgres
--

ALTER TABLE ONLY public.account_miembros
    ADD CONSTRAINT account_miembros_pkey PRIMARY KEY (id);


--
-- Name: account_permisos account_permisos_pkey; Type: CONSTRAINT; Schema: public; Owner: postgres
--

ALTER TABLE ONLY public.account_permisos
    ADD CONSTRAINT account_permisos_pkey PRIMARY KEY (id);


--
-- Name: account_permission account_permission_pkey; Type: CONSTRAINT; Schema: public; Owner: postgres
--

ALTER TABLE ONLY public.account_permission
    ADD CONSTRAINT account_permission_pkey PRIMARY KEY (permission_ptr_id);


--
-- Name: account_profile account_profile_pkey; Type: CONSTRAINT; Schema: public; Owner: postgres
--

ALTER TABLE ONLY public.account_profile
    ADD CONSTRAINT account_profile_pkey PRIMARY KEY (id);


--
-- Name: account_profile account_profile_user_id_key; Type: CONSTRAINT; Schema: public; Owner: postgres
--

ALTER TABLE ONLY public.account_profile
    ADD CONSTRAINT account_profile_user_id_key UNIQUE (user_id);


--
-- Name: account_proyectos account_proyectos_pkey; Type: CONSTRAINT; Schema: public; Owner: postgres
--

ALTER TABLE ONLY public.account_proyectos
    ADD CONSTRAINT account_proyectos_pkey PRIMARY KEY (id);


--
-- Name: account_reportes account_reportes_pkey; Type: CONSTRAINT; Schema: public; Owner: postgres
--

ALTER TABLE ONLY public.account_reportes
    ADD CONSTRAINT account_reportes_pkey PRIMARY KEY (id);


--
-- Name: account_reuniones account_reuniones_pkey; Type: CONSTRAINT; Schema: public; Owner: postgres
--

ALTER TABLE ONLY public.account_reuniones
    ADD CONSTRAINT account_reuniones_pkey PRIMARY KEY (id);


--
-- Name: account_rol_permisos account_rol_permisos_pkey; Type: CONSTRAINT; Schema: public; Owner: postgres
--

ALTER TABLE ONLY public.account_rol_permisos
    ADD CONSTRAINT account_rol_permisos_pkey PRIMARY KEY (id);


--
-- Name: account_rol_permisos account_rol_permisos_rol_id_permission_id_e575fd86_uniq; Type: CONSTRAINT; Schema: public; Owner: postgres
--

ALTER TABLE ONLY public.account_rol_permisos
    ADD CONSTRAINT account_rol_permisos_rol_id_permission_id_e575fd86_uniq UNIQUE (rol_id, permission_id);


--
-- Name: account_rol account_rol_pkey; Type: CONSTRAINT; Schema: public; Owner: postgres
--

ALTER TABLE ONLY public.account_rol
    ADD CONSTRAINT account_rol_pkey PRIMARY KEY (id);


--
-- Name: account_sprint account_sprint_pkey; Type: CONSTRAINT; Schema: public; Owner: postgres
--

ALTER TABLE ONLY public.account_sprint
    ADD CONSTRAINT account_sprint_pkey PRIMARY KEY (id);


--
-- Name: account_sprintbacklog account_sprintbacklog_pkey; Type: CONSTRAINT; Schema: public; Owner: postgres
--

ALTER TABLE ONLY public.account_sprintbacklog
    ADD CONSTRAINT account_sprintbacklog_pkey PRIMARY KEY (id);


--
-- Name: account_tareauserstory account_tareauserstory_pkey; Type: CONSTRAINT; Schema: public; Owner: postgres
--

ALTER TABLE ONLY public.account_tareauserstory
    ADD CONSTRAINT account_tareauserstory_pkey PRIMARY KEY (id);


--
-- Name: account_tipo_user_story account_tipo_user_story_pkey; Type: CONSTRAINT; Schema: public; Owner: postgres
--

ALTER TABLE ONLY public.account_tipo_user_story
    ADD CONSTRAINT account_tipo_user_story_pkey PRIMARY KEY (id);


--
-- Name: account_userstory account_userstory_pkey; Type: CONSTRAINT; Schema: public; Owner: postgres
--

ALTER TABLE ONLY public.account_userstory
    ADD CONSTRAINT account_userstory_pkey PRIMARY KEY (id);


--
-- Name: account_usuarios account_usuarios_pkey; Type: CONSTRAINT; Schema: public; Owner: postgres
--

ALTER TABLE ONLY public.account_usuarios
    ADD CONSTRAINT account_usuarios_pkey PRIMARY KEY (id);


--
-- Name: auth_group auth_group_name_key; Type: CONSTRAINT; Schema: public; Owner: postgres
--

ALTER TABLE ONLY public.auth_group
    ADD CONSTRAINT auth_group_name_key UNIQUE (name);


--
-- Name: auth_group_permissions auth_group_permissions_group_id_permission_id_0cd325b0_uniq; Type: CONSTRAINT; Schema: public; Owner: postgres
--

ALTER TABLE ONLY public.auth_group_permissions
    ADD CONSTRAINT auth_group_permissions_group_id_permission_id_0cd325b0_uniq UNIQUE (group_id, permission_id);


--
-- Name: auth_group_permissions auth_group_permissions_pkey; Type: CONSTRAINT; Schema: public; Owner: postgres
--

ALTER TABLE ONLY public.auth_group_permissions
    ADD CONSTRAINT auth_group_permissions_pkey PRIMARY KEY (id);


--
-- Name: auth_group auth_group_pkey; Type: CONSTRAINT; Schema: public; Owner: postgres
--

ALTER TABLE ONLY public.auth_group
    ADD CONSTRAINT auth_group_pkey PRIMARY KEY (id);


--
-- Name: auth_permission auth_permission_content_type_id_codename_01ab375a_uniq; Type: CONSTRAINT; Schema: public; Owner: postgres
--

ALTER TABLE ONLY public.auth_permission
    ADD CONSTRAINT auth_permission_content_type_id_codename_01ab375a_uniq UNIQUE (content_type_id, codename);


--
-- Name: auth_permission auth_permission_pkey; Type: CONSTRAINT; Schema: public; Owner: postgres
--

ALTER TABLE ONLY public.auth_permission
    ADD CONSTRAINT auth_permission_pkey PRIMARY KEY (id);


--
-- Name: auth_user_groups auth_user_groups_pkey; Type: CONSTRAINT; Schema: public; Owner: postgres
--

ALTER TABLE ONLY public.auth_user_groups
    ADD CONSTRAINT auth_user_groups_pkey PRIMARY KEY (id);


--
-- Name: auth_user_groups auth_user_groups_user_id_group_id_94350c0c_uniq; Type: CONSTRAINT; Schema: public; Owner: postgres
--

ALTER TABLE ONLY public.auth_user_groups
    ADD CONSTRAINT auth_user_groups_user_id_group_id_94350c0c_uniq UNIQUE (user_id, group_id);


--
-- Name: auth_user auth_user_pkey; Type: CONSTRAINT; Schema: public; Owner: postgres
--

ALTER TABLE ONLY public.auth_user
    ADD CONSTRAINT auth_user_pkey PRIMARY KEY (id);


--
-- Name: auth_user_user_permissions auth_user_user_permissions_pkey; Type: CONSTRAINT; Schema: public; Owner: postgres
--

ALTER TABLE ONLY public.auth_user_user_permissions
    ADD CONSTRAINT auth_user_user_permissions_pkey PRIMARY KEY (id);


--
-- Name: auth_user_user_permissions auth_user_user_permissions_user_id_permission_id_14a6b632_uniq; Type: CONSTRAINT; Schema: public; Owner: postgres
--

ALTER TABLE ONLY public.auth_user_user_permissions
    ADD CONSTRAINT auth_user_user_permissions_user_id_permission_id_14a6b632_uniq UNIQUE (user_id, permission_id);


--
-- Name: auth_user auth_user_username_key; Type: CONSTRAINT; Schema: public; Owner: postgres
--

ALTER TABLE ONLY public.auth_user
    ADD CONSTRAINT auth_user_username_key UNIQUE (username);


--
-- Name: django_admin_log django_admin_log_pkey; Type: CONSTRAINT; Schema: public; Owner: postgres
--

ALTER TABLE ONLY public.django_admin_log
    ADD CONSTRAINT django_admin_log_pkey PRIMARY KEY (id);


--
-- Name: django_content_type django_content_type_app_label_model_76bd3d3b_uniq; Type: CONSTRAINT; Schema: public; Owner: postgres
--

ALTER TABLE ONLY public.django_content_type
    ADD CONSTRAINT django_content_type_app_label_model_76bd3d3b_uniq UNIQUE (app_label, model);


--
-- Name: django_content_type django_content_type_pkey; Type: CONSTRAINT; Schema: public; Owner: postgres
--

ALTER TABLE ONLY public.django_content_type
    ADD CONSTRAINT django_content_type_pkey PRIMARY KEY (id);


--
-- Name: django_migrations django_migrations_pkey; Type: CONSTRAINT; Schema: public; Owner: postgres
--

ALTER TABLE ONLY public.django_migrations
    ADD CONSTRAINT django_migrations_pkey PRIMARY KEY (id);


--
-- Name: django_session django_session_pkey; Type: CONSTRAINT; Schema: public; Owner: postgres
--

ALTER TABLE ONLY public.django_session
    ADD CONSTRAINT django_session_pkey PRIMARY KEY (session_key);


--
-- Name: social_auth_association social_auth_association_pkey; Type: CONSTRAINT; Schema: public; Owner: postgres
--

ALTER TABLE ONLY public.social_auth_association
    ADD CONSTRAINT social_auth_association_pkey PRIMARY KEY (id);


--
-- Name: social_auth_association social_auth_association_server_url_handle_078befa2_uniq; Type: CONSTRAINT; Schema: public; Owner: postgres
--

ALTER TABLE ONLY public.social_auth_association
    ADD CONSTRAINT social_auth_association_server_url_handle_078befa2_uniq UNIQUE (server_url, handle);


--
-- Name: social_auth_code social_auth_code_email_code_801b2d02_uniq; Type: CONSTRAINT; Schema: public; Owner: postgres
--

ALTER TABLE ONLY public.social_auth_code
    ADD CONSTRAINT social_auth_code_email_code_801b2d02_uniq UNIQUE (email, code);


--
-- Name: social_auth_code social_auth_code_pkey; Type: CONSTRAINT; Schema: public; Owner: postgres
--

ALTER TABLE ONLY public.social_auth_code
    ADD CONSTRAINT social_auth_code_pkey PRIMARY KEY (id);


--
-- Name: social_auth_nonce social_auth_nonce_pkey; Type: CONSTRAINT; Schema: public; Owner: postgres
--

ALTER TABLE ONLY public.social_auth_nonce
    ADD CONSTRAINT social_auth_nonce_pkey PRIMARY KEY (id);


--
-- Name: social_auth_nonce social_auth_nonce_server_url_timestamp_salt_f6284463_uniq; Type: CONSTRAINT; Schema: public; Owner: postgres
--

ALTER TABLE ONLY public.social_auth_nonce
    ADD CONSTRAINT social_auth_nonce_server_url_timestamp_salt_f6284463_uniq UNIQUE (server_url, "timestamp", salt);


--
-- Name: social_auth_partial social_auth_partial_pkey; Type: CONSTRAINT; Schema: public; Owner: postgres
--

ALTER TABLE ONLY public.social_auth_partial
    ADD CONSTRAINT social_auth_partial_pkey PRIMARY KEY (id);


--
-- Name: social_auth_usersocialauth social_auth_usersocialauth_pkey; Type: CONSTRAINT; Schema: public; Owner: postgres
--

ALTER TABLE ONLY public.social_auth_usersocialauth
    ADD CONSTRAINT social_auth_usersocialauth_pkey PRIMARY KEY (id);


--
-- Name: social_auth_usersocialauth social_auth_usersocialauth_provider_uid_e6b5e668_uniq; Type: CONSTRAINT; Schema: public; Owner: postgres
--

ALTER TABLE ONLY public.social_auth_usersocialauth
    ADD CONSTRAINT social_auth_usersocialauth_provider_uid_e6b5e668_uniq UNIQUE (provider, uid);


--
-- Name: account_backlogs_id_proyecto_id_c19ce57e; Type: INDEX; Schema: public; Owner: postgres
--

CREATE INDEX account_backlogs_id_proyecto_id_c19ce57e ON public.account_backlogs USING btree (id_proyecto_id);


--
-- Name: account_estados_id_tipo_user_story_id_b7b53692; Type: INDEX; Schema: public; Owner: postgres
--

CREATE INDEX account_estados_id_tipo_user_story_id_b7b53692 ON public.account_estados USING btree (id_tipo_user_story_id);


--
-- Name: account_logestados_id_tipo_user_story_id_b37c5e2a; Type: INDEX; Schema: public; Owner: postgres
--

CREATE INDEX account_logestados_id_tipo_user_story_id_b37c5e2a ON public.account_logestados USING btree (id_tipo_user_story_id);


--
-- Name: account_logmiembro_sprint_sprint_id_915cc1ff; Type: INDEX; Schema: public; Owner: postgres
--

CREATE INDEX account_logmiembro_sprint_sprint_id_915cc1ff ON public.account_logmiembro_sprint USING btree (sprint_id);


--
-- Name: account_logmiembro_sprint_usuario_id_780dde4c; Type: INDEX; Schema: public; Owner: postgres
--

CREATE INDEX account_logmiembro_sprint_usuario_id_780dde4c ON public.account_logmiembro_sprint USING btree (usuario_id);


--
-- Name: account_logmiembros_id_proyecto_id_91060bd0; Type: INDEX; Schema: public; Owner: postgres
--

CREATE INDEX account_logmiembros_id_proyecto_id_91060bd0 ON public.account_logmiembros USING btree (id_proyecto_id);


--
-- Name: account_logmiembros_id_rol_logmiembros_id_11c6d33b; Type: INDEX; Schema: public; Owner: postgres
--

CREATE INDEX account_logmiembros_id_rol_logmiembros_id_11c6d33b ON public.account_logmiembros_id_rol USING btree (logmiembros_id);


--
-- Name: account_logmiembros_id_rol_rol_id_f7259f43; Type: INDEX; Schema: public; Owner: postgres
--

CREATE INDEX account_logmiembros_id_rol_rol_id_f7259f43 ON public.account_logmiembros_id_rol USING btree (rol_id);


--
-- Name: account_logmiembros_id_usuario_id_6f2ced7a; Type: INDEX; Schema: public; Owner: postgres
--

CREATE INDEX account_logmiembros_id_usuario_id_6f2ced7a ON public.account_logmiembros USING btree (id_usuario_id);


--
-- Name: account_logproyectos_id_proyecto_id_95b5724e; Type: INDEX; Schema: public; Owner: postgres
--

CREATE INDEX account_logproyectos_id_proyecto_id_95b5724e ON public.account_logproyectos USING btree (id_proyecto_id);


--
-- Name: account_logproyectos_scrum_master_id_e7055ffb; Type: INDEX; Schema: public; Owner: postgres
--

CREATE INDEX account_logproyectos_scrum_master_id_e7055ffb ON public.account_logproyectos USING btree (scrum_master_id);


--
-- Name: account_logrol_permisos_logrol_id_d2a4a13c; Type: INDEX; Schema: public; Owner: postgres
--

CREATE INDEX account_logrol_permisos_logrol_id_d2a4a13c ON public.account_logrol_permisos USING btree (logrol_id);


--
-- Name: account_logrol_permisos_permission_id_7ce510ae; Type: INDEX; Schema: public; Owner: postgres
--

CREATE INDEX account_logrol_permisos_permission_id_7ce510ae ON public.account_logrol_permisos USING btree (permission_id);


--
-- Name: account_logrol_proyecto_id_b184e330; Type: INDEX; Schema: public; Owner: postgres
--

CREATE INDEX account_logrol_proyecto_id_b184e330 ON public.account_logrol USING btree (proyecto_id);


--
-- Name: account_logsprint_id_proyecto_id_390cea06; Type: INDEX; Schema: public; Owner: postgres
--

CREATE INDEX account_logsprint_id_proyecto_id_390cea06 ON public.account_logsprint USING btree (id_proyecto_id);


--
-- Name: account_logsprint_id_sprint_id_5029f53c; Type: INDEX; Schema: public; Owner: postgres
--

CREATE INDEX account_logsprint_id_sprint_id_5029f53c ON public.account_logsprint USING btree (id_sprint_id);


--
-- Name: account_logtipo_user_story_id_proyecto_id_d4a8e3fa; Type: INDEX; Schema: public; Owner: postgres
--

CREATE INDEX account_logtipo_user_story_id_proyecto_id_d4a8e3fa ON public.account_logtipo_user_story USING btree (id_proyecto_id);


--
-- Name: account_loguserstory_encargado_id_5946d7b3; Type: INDEX; Schema: public; Owner: postgres
--

CREATE INDEX account_loguserstory_encargado_id_5946d7b3 ON public.account_loguserstory USING btree (encargado_id);


--
-- Name: account_loguserstory_id_proyecto_id_9dca99c9; Type: INDEX; Schema: public; Owner: postgres
--

CREATE INDEX account_loguserstory_id_proyecto_id_9dca99c9 ON public.account_loguserstory USING btree (id_proyecto_id);


--
-- Name: account_loguserstory_id_sprint_id_172ed3ae; Type: INDEX; Schema: public; Owner: postgres
--

CREATE INDEX account_loguserstory_id_sprint_id_172ed3ae ON public.account_loguserstory USING btree (id_sprint_id);


--
-- Name: account_loguserstory_id_tipo_user_story_id_121558a5; Type: INDEX; Schema: public; Owner: postgres
--

CREATE INDEX account_loguserstory_id_tipo_user_story_id_121558a5 ON public.account_loguserstory USING btree (id_tipo_user_story_id);


--
-- Name: account_loguserstory_id_user_story_id_d4bbe0a5; Type: INDEX; Schema: public; Owner: postgres
--

CREATE INDEX account_loguserstory_id_user_story_id_d4bbe0a5 ON public.account_loguserstory USING btree (id_user_story_id);


--
-- Name: account_miembro_sprint_sprint_id_e0eb18c0; Type: INDEX; Schema: public; Owner: postgres
--

CREATE INDEX account_miembro_sprint_sprint_id_e0eb18c0 ON public.account_miembro_sprint USING btree (sprint_id);


--
-- Name: account_miembro_sprint_usuario_id_3bf0cf00; Type: INDEX; Schema: public; Owner: postgres
--

CREATE INDEX account_miembro_sprint_usuario_id_3bf0cf00 ON public.account_miembro_sprint USING btree (usuario_id);


--
-- Name: account_miembros_id_proyecto_id_cc8bcf65; Type: INDEX; Schema: public; Owner: postgres
--

CREATE INDEX account_miembros_id_proyecto_id_cc8bcf65 ON public.account_miembros USING btree (id_proyecto_id);


--
-- Name: account_miembros_id_rol_miembros_id_ef2c051b; Type: INDEX; Schema: public; Owner: postgres
--

CREATE INDEX account_miembros_id_rol_miembros_id_ef2c051b ON public.account_miembros_id_rol USING btree (miembros_id);


--
-- Name: account_miembros_id_rol_rol_id_72c691b1; Type: INDEX; Schema: public; Owner: postgres
--

CREATE INDEX account_miembros_id_rol_rol_id_72c691b1 ON public.account_miembros_id_rol USING btree (rol_id);


--
-- Name: account_miembros_id_usuario_id_d26f01de; Type: INDEX; Schema: public; Owner: postgres
--

CREATE INDEX account_miembros_id_usuario_id_d26f01de ON public.account_miembros USING btree (id_usuario_id);


--
-- Name: account_proyectos_scrum_master_id_f8f8192a; Type: INDEX; Schema: public; Owner: postgres
--

CREATE INDEX account_proyectos_scrum_master_id_f8f8192a ON public.account_proyectos USING btree (scrum_master_id);


--
-- Name: account_rol_permisos_permission_id_c8ef6739; Type: INDEX; Schema: public; Owner: postgres
--

CREATE INDEX account_rol_permisos_permission_id_c8ef6739 ON public.account_rol_permisos USING btree (permission_id);


--
-- Name: account_rol_permisos_rol_id_0744856e; Type: INDEX; Schema: public; Owner: postgres
--

CREATE INDEX account_rol_permisos_rol_id_0744856e ON public.account_rol_permisos USING btree (rol_id);


--
-- Name: account_rol_proyecto_id_2d1d0123; Type: INDEX; Schema: public; Owner: postgres
--

CREATE INDEX account_rol_proyecto_id_2d1d0123 ON public.account_rol USING btree (proyecto_id);


--
-- Name: account_sprint_id_proyecto_id_aac7c3dd; Type: INDEX; Schema: public; Owner: postgres
--

CREATE INDEX account_sprint_id_proyecto_id_aac7c3dd ON public.account_sprint USING btree (id_proyecto_id);


--
-- Name: account_tareauserstory_id_user_story_id_bf686fec; Type: INDEX; Schema: public; Owner: postgres
--

CREATE INDEX account_tareauserstory_id_user_story_id_bf686fec ON public.account_tareauserstory USING btree (id_user_story_id);


--
-- Name: account_tipo_user_story_id_proyecto_id_b1458813; Type: INDEX; Schema: public; Owner: postgres
--

CREATE INDEX account_tipo_user_story_id_proyecto_id_b1458813 ON public.account_tipo_user_story USING btree (id_proyecto_id);


--
-- Name: account_userstory_encargado_id_8924e4cb; Type: INDEX; Schema: public; Owner: postgres
--

CREATE INDEX account_userstory_encargado_id_8924e4cb ON public.account_userstory USING btree (encargado_id);


--
-- Name: account_userstory_id_proyecto_id_5222e557; Type: INDEX; Schema: public; Owner: postgres
--

CREATE INDEX account_userstory_id_proyecto_id_5222e557 ON public.account_userstory USING btree (id_proyecto_id);


--
-- Name: account_userstory_id_sprint_id_d879cb57; Type: INDEX; Schema: public; Owner: postgres
--

CREATE INDEX account_userstory_id_sprint_id_d879cb57 ON public.account_userstory USING btree (id_sprint_id);


--
-- Name: account_userstory_id_tipo_user_story_id_ccc09d86; Type: INDEX; Schema: public; Owner: postgres
--

CREATE INDEX account_userstory_id_tipo_user_story_id_ccc09d86 ON public.account_userstory USING btree (id_tipo_user_story_id);


--
-- Name: auth_group_name_a6ea08ec_like; Type: INDEX; Schema: public; Owner: postgres
--

CREATE INDEX auth_group_name_a6ea08ec_like ON public.auth_group USING btree (name varchar_pattern_ops);


--
-- Name: auth_group_permissions_group_id_b120cbf9; Type: INDEX; Schema: public; Owner: postgres
--

CREATE INDEX auth_group_permissions_group_id_b120cbf9 ON public.auth_group_permissions USING btree (group_id);


--
-- Name: auth_group_permissions_permission_id_84c5c92e; Type: INDEX; Schema: public; Owner: postgres
--

CREATE INDEX auth_group_permissions_permission_id_84c5c92e ON public.auth_group_permissions USING btree (permission_id);


--
-- Name: auth_permission_content_type_id_2f476e4b; Type: INDEX; Schema: public; Owner: postgres
--

CREATE INDEX auth_permission_content_type_id_2f476e4b ON public.auth_permission USING btree (content_type_id);


--
-- Name: auth_user_groups_group_id_97559544; Type: INDEX; Schema: public; Owner: postgres
--

CREATE INDEX auth_user_groups_group_id_97559544 ON public.auth_user_groups USING btree (group_id);


--
-- Name: auth_user_groups_user_id_6a12ed8b; Type: INDEX; Schema: public; Owner: postgres
--

CREATE INDEX auth_user_groups_user_id_6a12ed8b ON public.auth_user_groups USING btree (user_id);


--
-- Name: auth_user_user_permissions_permission_id_1fbb5f2c; Type: INDEX; Schema: public; Owner: postgres
--

CREATE INDEX auth_user_user_permissions_permission_id_1fbb5f2c ON public.auth_user_user_permissions USING btree (permission_id);


--
-- Name: auth_user_user_permissions_user_id_a95ead1b; Type: INDEX; Schema: public; Owner: postgres
--

CREATE INDEX auth_user_user_permissions_user_id_a95ead1b ON public.auth_user_user_permissions USING btree (user_id);


--
-- Name: auth_user_username_6821ab7c_like; Type: INDEX; Schema: public; Owner: postgres
--

CREATE INDEX auth_user_username_6821ab7c_like ON public.auth_user USING btree (username varchar_pattern_ops);


--
-- Name: django_admin_log_content_type_id_c4bce8eb; Type: INDEX; Schema: public; Owner: postgres
--

CREATE INDEX django_admin_log_content_type_id_c4bce8eb ON public.django_admin_log USING btree (content_type_id);


--
-- Name: django_admin_log_user_id_c564eba6; Type: INDEX; Schema: public; Owner: postgres
--

CREATE INDEX django_admin_log_user_id_c564eba6 ON public.django_admin_log USING btree (user_id);


--
-- Name: django_session_expire_date_a5c62663; Type: INDEX; Schema: public; Owner: postgres
--

CREATE INDEX django_session_expire_date_a5c62663 ON public.django_session USING btree (expire_date);


--
-- Name: django_session_session_key_c0390e0f_like; Type: INDEX; Schema: public; Owner: postgres
--

CREATE INDEX django_session_session_key_c0390e0f_like ON public.django_session USING btree (session_key varchar_pattern_ops);


--
-- Name: social_auth_code_code_a2393167; Type: INDEX; Schema: public; Owner: postgres
--

CREATE INDEX social_auth_code_code_a2393167 ON public.social_auth_code USING btree (code);


--
-- Name: social_auth_code_code_a2393167_like; Type: INDEX; Schema: public; Owner: postgres
--

CREATE INDEX social_auth_code_code_a2393167_like ON public.social_auth_code USING btree (code varchar_pattern_ops);


--
-- Name: social_auth_code_timestamp_176b341f; Type: INDEX; Schema: public; Owner: postgres
--

CREATE INDEX social_auth_code_timestamp_176b341f ON public.social_auth_code USING btree ("timestamp");


--
-- Name: social_auth_partial_timestamp_50f2119f; Type: INDEX; Schema: public; Owner: postgres
--

CREATE INDEX social_auth_partial_timestamp_50f2119f ON public.social_auth_partial USING btree ("timestamp");


--
-- Name: social_auth_partial_token_3017fea3; Type: INDEX; Schema: public; Owner: postgres
--

CREATE INDEX social_auth_partial_token_3017fea3 ON public.social_auth_partial USING btree (token);


--
-- Name: social_auth_partial_token_3017fea3_like; Type: INDEX; Schema: public; Owner: postgres
--

CREATE INDEX social_auth_partial_token_3017fea3_like ON public.social_auth_partial USING btree (token varchar_pattern_ops);


--
-- Name: social_auth_usersocialauth_uid_796e51dc; Type: INDEX; Schema: public; Owner: postgres
--

CREATE INDEX social_auth_usersocialauth_uid_796e51dc ON public.social_auth_usersocialauth USING btree (uid);


--
-- Name: social_auth_usersocialauth_uid_796e51dc_like; Type: INDEX; Schema: public; Owner: postgres
--

CREATE INDEX social_auth_usersocialauth_uid_796e51dc_like ON public.social_auth_usersocialauth USING btree (uid varchar_pattern_ops);


--
-- Name: social_auth_usersocialauth_user_id_17d28448; Type: INDEX; Schema: public; Owner: postgres
--

CREATE INDEX social_auth_usersocialauth_user_id_17d28448 ON public.social_auth_usersocialauth USING btree (user_id);


--
-- Name: account_backlogs account_backlogs_id_proyecto_id_c19ce57e_fk_account_p; Type: FK CONSTRAINT; Schema: public; Owner: postgres
--

ALTER TABLE ONLY public.account_backlogs
    ADD CONSTRAINT account_backlogs_id_proyecto_id_c19ce57e_fk_account_p FOREIGN KEY (id_proyecto_id) REFERENCES public.account_proyectos(id) DEFERRABLE INITIALLY DEFERRED;


--
-- Name: account_estados account_estados_id_tipo_user_story_i_b7b53692_fk_account_t; Type: FK CONSTRAINT; Schema: public; Owner: postgres
--

ALTER TABLE ONLY public.account_estados
    ADD CONSTRAINT account_estados_id_tipo_user_story_i_b7b53692_fk_account_t FOREIGN KEY (id_tipo_user_story_id) REFERENCES public.account_tipo_user_story(id) DEFERRABLE INITIALLY DEFERRED;


--
-- Name: account_logestados account_logestados_id_tipo_user_story_i_b37c5e2a_fk_account_t; Type: FK CONSTRAINT; Schema: public; Owner: postgres
--

ALTER TABLE ONLY public.account_logestados
    ADD CONSTRAINT account_logestados_id_tipo_user_story_i_b37c5e2a_fk_account_t FOREIGN KEY (id_tipo_user_story_id) REFERENCES public.account_tipo_user_story(id) DEFERRABLE INITIALLY DEFERRED;


--
-- Name: account_logmiembro_sprint account_logmiembro_s_sprint_id_915cc1ff_fk_account_s; Type: FK CONSTRAINT; Schema: public; Owner: postgres
--

ALTER TABLE ONLY public.account_logmiembro_sprint
    ADD CONSTRAINT account_logmiembro_s_sprint_id_915cc1ff_fk_account_s FOREIGN KEY (sprint_id) REFERENCES public.account_sprint(id) DEFERRABLE INITIALLY DEFERRED;


--
-- Name: account_logmiembro_sprint account_logmiembro_sprint_usuario_id_780dde4c_fk_auth_user_id; Type: FK CONSTRAINT; Schema: public; Owner: postgres
--

ALTER TABLE ONLY public.account_logmiembro_sprint
    ADD CONSTRAINT account_logmiembro_sprint_usuario_id_780dde4c_fk_auth_user_id FOREIGN KEY (usuario_id) REFERENCES public.auth_user(id) DEFERRABLE INITIALLY DEFERRED;


--
-- Name: account_logmiembros_id_rol account_logmiembros__logmiembros_id_11c6d33b_fk_account_l; Type: FK CONSTRAINT; Schema: public; Owner: postgres
--

ALTER TABLE ONLY public.account_logmiembros_id_rol
    ADD CONSTRAINT account_logmiembros__logmiembros_id_11c6d33b_fk_account_l FOREIGN KEY (logmiembros_id) REFERENCES public.account_logmiembros(id) DEFERRABLE INITIALLY DEFERRED;


--
-- Name: account_logmiembros account_logmiembros_id_proyecto_id_91060bd0_fk_account_p; Type: FK CONSTRAINT; Schema: public; Owner: postgres
--

ALTER TABLE ONLY public.account_logmiembros
    ADD CONSTRAINT account_logmiembros_id_proyecto_id_91060bd0_fk_account_p FOREIGN KEY (id_proyecto_id) REFERENCES public.account_proyectos(id) DEFERRABLE INITIALLY DEFERRED;


--
-- Name: account_logmiembros_id_rol account_logmiembros_id_rol_rol_id_f7259f43_fk_account_rol_id; Type: FK CONSTRAINT; Schema: public; Owner: postgres
--

ALTER TABLE ONLY public.account_logmiembros_id_rol
    ADD CONSTRAINT account_logmiembros_id_rol_rol_id_f7259f43_fk_account_rol_id FOREIGN KEY (rol_id) REFERENCES public.account_rol(id) DEFERRABLE INITIALLY DEFERRED;


--
-- Name: account_logmiembros account_logmiembros_id_usuario_id_6f2ced7a_fk_auth_user_id; Type: FK CONSTRAINT; Schema: public; Owner: postgres
--

ALTER TABLE ONLY public.account_logmiembros
    ADD CONSTRAINT account_logmiembros_id_usuario_id_6f2ced7a_fk_auth_user_id FOREIGN KEY (id_usuario_id) REFERENCES public.auth_user(id) DEFERRABLE INITIALLY DEFERRED;


--
-- Name: account_logproyectos account_logproyectos_id_proyecto_id_95b5724e_fk_account_p; Type: FK CONSTRAINT; Schema: public; Owner: postgres
--

ALTER TABLE ONLY public.account_logproyectos
    ADD CONSTRAINT account_logproyectos_id_proyecto_id_95b5724e_fk_account_p FOREIGN KEY (id_proyecto_id) REFERENCES public.account_proyectos(id) DEFERRABLE INITIALLY DEFERRED;


--
-- Name: account_logproyectos account_logproyectos_scrum_master_id_e7055ffb_fk_auth_user_id; Type: FK CONSTRAINT; Schema: public; Owner: postgres
--

ALTER TABLE ONLY public.account_logproyectos
    ADD CONSTRAINT account_logproyectos_scrum_master_id_e7055ffb_fk_auth_user_id FOREIGN KEY (scrum_master_id) REFERENCES public.auth_user(id) DEFERRABLE INITIALLY DEFERRED;


--
-- Name: account_logrol_permisos account_logrol_permi_permission_id_7ce510ae_fk_auth_perm; Type: FK CONSTRAINT; Schema: public; Owner: postgres
--

ALTER TABLE ONLY public.account_logrol_permisos
    ADD CONSTRAINT account_logrol_permi_permission_id_7ce510ae_fk_auth_perm FOREIGN KEY (permission_id) REFERENCES public.auth_permission(id) DEFERRABLE INITIALLY DEFERRED;


--
-- Name: account_logrol_permisos account_logrol_permisos_logrol_id_d2a4a13c_fk_account_logrol_id; Type: FK CONSTRAINT; Schema: public; Owner: postgres
--

ALTER TABLE ONLY public.account_logrol_permisos
    ADD CONSTRAINT account_logrol_permisos_logrol_id_d2a4a13c_fk_account_logrol_id FOREIGN KEY (logrol_id) REFERENCES public.account_logrol(id) DEFERRABLE INITIALLY DEFERRED;


--
-- Name: account_logrol account_logrol_proyecto_id_b184e330_fk_account_proyectos_id; Type: FK CONSTRAINT; Schema: public; Owner: postgres
--

ALTER TABLE ONLY public.account_logrol
    ADD CONSTRAINT account_logrol_proyecto_id_b184e330_fk_account_proyectos_id FOREIGN KEY (proyecto_id) REFERENCES public.account_proyectos(id) DEFERRABLE INITIALLY DEFERRED;


--
-- Name: account_logsprint account_logsprint_id_proyecto_id_390cea06_fk_account_p; Type: FK CONSTRAINT; Schema: public; Owner: postgres
--

ALTER TABLE ONLY public.account_logsprint
    ADD CONSTRAINT account_logsprint_id_proyecto_id_390cea06_fk_account_p FOREIGN KEY (id_proyecto_id) REFERENCES public.account_proyectos(id) DEFERRABLE INITIALLY DEFERRED;


--
-- Name: account_logsprint account_logsprint_id_sprint_id_5029f53c_fk_account_sprint_id; Type: FK CONSTRAINT; Schema: public; Owner: postgres
--

ALTER TABLE ONLY public.account_logsprint
    ADD CONSTRAINT account_logsprint_id_sprint_id_5029f53c_fk_account_sprint_id FOREIGN KEY (id_sprint_id) REFERENCES public.account_sprint(id) DEFERRABLE INITIALLY DEFERRED;


--
-- Name: account_logtipo_user_story account_logtipo_user_id_proyecto_id_d4a8e3fa_fk_account_p; Type: FK CONSTRAINT; Schema: public; Owner: postgres
--

ALTER TABLE ONLY public.account_logtipo_user_story
    ADD CONSTRAINT account_logtipo_user_id_proyecto_id_d4a8e3fa_fk_account_p FOREIGN KEY (id_proyecto_id) REFERENCES public.account_proyectos(id) DEFERRABLE INITIALLY DEFERRED;


--
-- Name: account_loguserstory account_loguserstory_encargado_id_5946d7b3_fk_auth_user_id; Type: FK CONSTRAINT; Schema: public; Owner: postgres
--

ALTER TABLE ONLY public.account_loguserstory
    ADD CONSTRAINT account_loguserstory_encargado_id_5946d7b3_fk_auth_user_id FOREIGN KEY (encargado_id) REFERENCES public.auth_user(id) DEFERRABLE INITIALLY DEFERRED;


--
-- Name: account_loguserstory account_loguserstory_id_proyecto_id_9dca99c9_fk_account_p; Type: FK CONSTRAINT; Schema: public; Owner: postgres
--

ALTER TABLE ONLY public.account_loguserstory
    ADD CONSTRAINT account_loguserstory_id_proyecto_id_9dca99c9_fk_account_p FOREIGN KEY (id_proyecto_id) REFERENCES public.account_proyectos(id) DEFERRABLE INITIALLY DEFERRED;


--
-- Name: account_loguserstory account_loguserstory_id_sprint_id_172ed3ae_fk_account_sprint_id; Type: FK CONSTRAINT; Schema: public; Owner: postgres
--

ALTER TABLE ONLY public.account_loguserstory
    ADD CONSTRAINT account_loguserstory_id_sprint_id_172ed3ae_fk_account_sprint_id FOREIGN KEY (id_sprint_id) REFERENCES public.account_sprint(id) DEFERRABLE INITIALLY DEFERRED;


--
-- Name: account_loguserstory account_loguserstory_id_tipo_user_story_i_121558a5_fk_account_t; Type: FK CONSTRAINT; Schema: public; Owner: postgres
--

ALTER TABLE ONLY public.account_loguserstory
    ADD CONSTRAINT account_loguserstory_id_tipo_user_story_i_121558a5_fk_account_t FOREIGN KEY (id_tipo_user_story_id) REFERENCES public.account_tipo_user_story(id) DEFERRABLE INITIALLY DEFERRED;


--
-- Name: account_loguserstory account_loguserstory_id_user_story_id_d4bbe0a5_fk_account_u; Type: FK CONSTRAINT; Schema: public; Owner: postgres
--

ALTER TABLE ONLY public.account_loguserstory
    ADD CONSTRAINT account_loguserstory_id_user_story_id_d4bbe0a5_fk_account_u FOREIGN KEY (id_user_story_id) REFERENCES public.account_userstory(id) DEFERRABLE INITIALLY DEFERRED;


--
-- Name: account_miembro_sprint account_miembro_sprint_sprint_id_e0eb18c0_fk_account_sprint_id; Type: FK CONSTRAINT; Schema: public; Owner: postgres
--

ALTER TABLE ONLY public.account_miembro_sprint
    ADD CONSTRAINT account_miembro_sprint_sprint_id_e0eb18c0_fk_account_sprint_id FOREIGN KEY (sprint_id) REFERENCES public.account_sprint(id) DEFERRABLE INITIALLY DEFERRED;


--
-- Name: account_miembro_sprint account_miembro_sprint_usuario_id_3bf0cf00_fk_auth_user_id; Type: FK CONSTRAINT; Schema: public; Owner: postgres
--

ALTER TABLE ONLY public.account_miembro_sprint
    ADD CONSTRAINT account_miembro_sprint_usuario_id_3bf0cf00_fk_auth_user_id FOREIGN KEY (usuario_id) REFERENCES public.auth_user(id) DEFERRABLE INITIALLY DEFERRED;


--
-- Name: account_miembros_id_rol account_miembros_id__miembros_id_ef2c051b_fk_account_m; Type: FK CONSTRAINT; Schema: public; Owner: postgres
--

ALTER TABLE ONLY public.account_miembros_id_rol
    ADD CONSTRAINT account_miembros_id__miembros_id_ef2c051b_fk_account_m FOREIGN KEY (miembros_id) REFERENCES public.account_miembros(id) DEFERRABLE INITIALLY DEFERRED;


--
-- Name: account_miembros account_miembros_id_proyecto_id_cc8bcf65_fk_account_p; Type: FK CONSTRAINT; Schema: public; Owner: postgres
--

ALTER TABLE ONLY public.account_miembros
    ADD CONSTRAINT account_miembros_id_proyecto_id_cc8bcf65_fk_account_p FOREIGN KEY (id_proyecto_id) REFERENCES public.account_proyectos(id) DEFERRABLE INITIALLY DEFERRED;


--
-- Name: account_miembros_id_rol account_miembros_id_rol_rol_id_72c691b1_fk_account_rol_id; Type: FK CONSTRAINT; Schema: public; Owner: postgres
--

ALTER TABLE ONLY public.account_miembros_id_rol
    ADD CONSTRAINT account_miembros_id_rol_rol_id_72c691b1_fk_account_rol_id FOREIGN KEY (rol_id) REFERENCES public.account_rol(id) DEFERRABLE INITIALLY DEFERRED;


--
-- Name: account_miembros account_miembros_id_usuario_id_d26f01de_fk_auth_user_id; Type: FK CONSTRAINT; Schema: public; Owner: postgres
--

ALTER TABLE ONLY public.account_miembros
    ADD CONSTRAINT account_miembros_id_usuario_id_d26f01de_fk_auth_user_id FOREIGN KEY (id_usuario_id) REFERENCES public.auth_user(id) DEFERRABLE INITIALLY DEFERRED;


--
-- Name: account_permission account_permission_permission_ptr_id_d2f4e190_fk_auth_perm; Type: FK CONSTRAINT; Schema: public; Owner: postgres
--

ALTER TABLE ONLY public.account_permission
    ADD CONSTRAINT account_permission_permission_ptr_id_d2f4e190_fk_auth_perm FOREIGN KEY (permission_ptr_id) REFERENCES public.auth_permission(id) DEFERRABLE INITIALLY DEFERRED;


--
-- Name: account_profile account_profile_user_id_bdd52018_fk_auth_user_id; Type: FK CONSTRAINT; Schema: public; Owner: postgres
--

ALTER TABLE ONLY public.account_profile
    ADD CONSTRAINT account_profile_user_id_bdd52018_fk_auth_user_id FOREIGN KEY (user_id) REFERENCES public.auth_user(id) DEFERRABLE INITIALLY DEFERRED;


--
-- Name: account_proyectos account_proyectos_scrum_master_id_f8f8192a_fk_auth_user_id; Type: FK CONSTRAINT; Schema: public; Owner: postgres
--

ALTER TABLE ONLY public.account_proyectos
    ADD CONSTRAINT account_proyectos_scrum_master_id_f8f8192a_fk_auth_user_id FOREIGN KEY (scrum_master_id) REFERENCES public.auth_user(id) DEFERRABLE INITIALLY DEFERRED;


--
-- Name: account_rol_permisos account_rol_permisos_permission_id_c8ef6739_fk_auth_perm; Type: FK CONSTRAINT; Schema: public; Owner: postgres
--

ALTER TABLE ONLY public.account_rol_permisos
    ADD CONSTRAINT account_rol_permisos_permission_id_c8ef6739_fk_auth_perm FOREIGN KEY (permission_id) REFERENCES public.auth_permission(id) DEFERRABLE INITIALLY DEFERRED;


--
-- Name: account_rol_permisos account_rol_permisos_rol_id_0744856e_fk_account_rol_id; Type: FK CONSTRAINT; Schema: public; Owner: postgres
--

ALTER TABLE ONLY public.account_rol_permisos
    ADD CONSTRAINT account_rol_permisos_rol_id_0744856e_fk_account_rol_id FOREIGN KEY (rol_id) REFERENCES public.account_rol(id) DEFERRABLE INITIALLY DEFERRED;


--
-- Name: account_rol account_rol_proyecto_id_2d1d0123_fk_account_proyectos_id; Type: FK CONSTRAINT; Schema: public; Owner: postgres
--

ALTER TABLE ONLY public.account_rol
    ADD CONSTRAINT account_rol_proyecto_id_2d1d0123_fk_account_proyectos_id FOREIGN KEY (proyecto_id) REFERENCES public.account_proyectos(id) DEFERRABLE INITIALLY DEFERRED;


--
-- Name: account_sprint account_sprint_id_proyecto_id_aac7c3dd_fk_account_proyectos_id; Type: FK CONSTRAINT; Schema: public; Owner: postgres
--

ALTER TABLE ONLY public.account_sprint
    ADD CONSTRAINT account_sprint_id_proyecto_id_aac7c3dd_fk_account_proyectos_id FOREIGN KEY (id_proyecto_id) REFERENCES public.account_proyectos(id) DEFERRABLE INITIALLY DEFERRED;


--
-- Name: account_tareauserstory account_tareausersto_id_user_story_id_bf686fec_fk_account_u; Type: FK CONSTRAINT; Schema: public; Owner: postgres
--

ALTER TABLE ONLY public.account_tareauserstory
    ADD CONSTRAINT account_tareausersto_id_user_story_id_bf686fec_fk_account_u FOREIGN KEY (id_user_story_id) REFERENCES public.account_userstory(id) DEFERRABLE INITIALLY DEFERRED;


--
-- Name: account_tipo_user_story account_tipo_user_st_id_proyecto_id_b1458813_fk_account_p; Type: FK CONSTRAINT; Schema: public; Owner: postgres
--

ALTER TABLE ONLY public.account_tipo_user_story
    ADD CONSTRAINT account_tipo_user_st_id_proyecto_id_b1458813_fk_account_p FOREIGN KEY (id_proyecto_id) REFERENCES public.account_proyectos(id) DEFERRABLE INITIALLY DEFERRED;


--
-- Name: account_userstory account_userstory_encargado_id_8924e4cb_fk_auth_user_id; Type: FK CONSTRAINT; Schema: public; Owner: postgres
--

ALTER TABLE ONLY public.account_userstory
    ADD CONSTRAINT account_userstory_encargado_id_8924e4cb_fk_auth_user_id FOREIGN KEY (encargado_id) REFERENCES public.auth_user(id) DEFERRABLE INITIALLY DEFERRED;


--
-- Name: account_userstory account_userstory_id_proyecto_id_5222e557_fk_account_p; Type: FK CONSTRAINT; Schema: public; Owner: postgres
--

ALTER TABLE ONLY public.account_userstory
    ADD CONSTRAINT account_userstory_id_proyecto_id_5222e557_fk_account_p FOREIGN KEY (id_proyecto_id) REFERENCES public.account_proyectos(id) DEFERRABLE INITIALLY DEFERRED;


--
-- Name: account_userstory account_userstory_id_sprint_id_d879cb57_fk_account_sprint_id; Type: FK CONSTRAINT; Schema: public; Owner: postgres
--

ALTER TABLE ONLY public.account_userstory
    ADD CONSTRAINT account_userstory_id_sprint_id_d879cb57_fk_account_sprint_id FOREIGN KEY (id_sprint_id) REFERENCES public.account_sprint(id) DEFERRABLE INITIALLY DEFERRED;


--
-- Name: account_userstory account_userstory_id_tipo_user_story_i_ccc09d86_fk_account_t; Type: FK CONSTRAINT; Schema: public; Owner: postgres
--

ALTER TABLE ONLY public.account_userstory
    ADD CONSTRAINT account_userstory_id_tipo_user_story_i_ccc09d86_fk_account_t FOREIGN KEY (id_tipo_user_story_id) REFERENCES public.account_tipo_user_story(id) DEFERRABLE INITIALLY DEFERRED;


--
-- Name: auth_group_permissions auth_group_permissio_permission_id_84c5c92e_fk_auth_perm; Type: FK CONSTRAINT; Schema: public; Owner: postgres
--

ALTER TABLE ONLY public.auth_group_permissions
    ADD CONSTRAINT auth_group_permissio_permission_id_84c5c92e_fk_auth_perm FOREIGN KEY (permission_id) REFERENCES public.auth_permission(id) DEFERRABLE INITIALLY DEFERRED;


--
-- Name: auth_group_permissions auth_group_permissions_group_id_b120cbf9_fk_auth_group_id; Type: FK CONSTRAINT; Schema: public; Owner: postgres
--

ALTER TABLE ONLY public.auth_group_permissions
    ADD CONSTRAINT auth_group_permissions_group_id_b120cbf9_fk_auth_group_id FOREIGN KEY (group_id) REFERENCES public.auth_group(id) DEFERRABLE INITIALLY DEFERRED;


--
-- Name: auth_permission auth_permission_content_type_id_2f476e4b_fk_django_co; Type: FK CONSTRAINT; Schema: public; Owner: postgres
--

ALTER TABLE ONLY public.auth_permission
    ADD CONSTRAINT auth_permission_content_type_id_2f476e4b_fk_django_co FOREIGN KEY (content_type_id) REFERENCES public.django_content_type(id) DEFERRABLE INITIALLY DEFERRED;


--
-- Name: auth_user_groups auth_user_groups_group_id_97559544_fk_auth_group_id; Type: FK CONSTRAINT; Schema: public; Owner: postgres
--

ALTER TABLE ONLY public.auth_user_groups
    ADD CONSTRAINT auth_user_groups_group_id_97559544_fk_auth_group_id FOREIGN KEY (group_id) REFERENCES public.auth_group(id) DEFERRABLE INITIALLY DEFERRED;


--
-- Name: auth_user_groups auth_user_groups_user_id_6a12ed8b_fk_auth_user_id; Type: FK CONSTRAINT; Schema: public; Owner: postgres
--

ALTER TABLE ONLY public.auth_user_groups
    ADD CONSTRAINT auth_user_groups_user_id_6a12ed8b_fk_auth_user_id FOREIGN KEY (user_id) REFERENCES public.auth_user(id) DEFERRABLE INITIALLY DEFERRED;


--
-- Name: auth_user_user_permissions auth_user_user_permi_permission_id_1fbb5f2c_fk_auth_perm; Type: FK CONSTRAINT; Schema: public; Owner: postgres
--

ALTER TABLE ONLY public.auth_user_user_permissions
    ADD CONSTRAINT auth_user_user_permi_permission_id_1fbb5f2c_fk_auth_perm FOREIGN KEY (permission_id) REFERENCES public.auth_permission(id) DEFERRABLE INITIALLY DEFERRED;


--
-- Name: auth_user_user_permissions auth_user_user_permissions_user_id_a95ead1b_fk_auth_user_id; Type: FK CONSTRAINT; Schema: public; Owner: postgres
--

ALTER TABLE ONLY public.auth_user_user_permissions
    ADD CONSTRAINT auth_user_user_permissions_user_id_a95ead1b_fk_auth_user_id FOREIGN KEY (user_id) REFERENCES public.auth_user(id) DEFERRABLE INITIALLY DEFERRED;


--
-- Name: django_admin_log django_admin_log_content_type_id_c4bce8eb_fk_django_co; Type: FK CONSTRAINT; Schema: public; Owner: postgres
--

ALTER TABLE ONLY public.django_admin_log
    ADD CONSTRAINT django_admin_log_content_type_id_c4bce8eb_fk_django_co FOREIGN KEY (content_type_id) REFERENCES public.django_content_type(id) DEFERRABLE INITIALLY DEFERRED;


--
-- Name: django_admin_log django_admin_log_user_id_c564eba6_fk_auth_user_id; Type: FK CONSTRAINT; Schema: public; Owner: postgres
--

ALTER TABLE ONLY public.django_admin_log
    ADD CONSTRAINT django_admin_log_user_id_c564eba6_fk_auth_user_id FOREIGN KEY (user_id) REFERENCES public.auth_user(id) DEFERRABLE INITIALLY DEFERRED;


--
-- Name: social_auth_usersocialauth social_auth_usersocialauth_user_id_17d28448_fk_auth_user_id; Type: FK CONSTRAINT; Schema: public; Owner: postgres
--

ALTER TABLE ONLY public.social_auth_usersocialauth
    ADD CONSTRAINT social_auth_usersocialauth_user_id_17d28448_fk_auth_user_id FOREIGN KEY (user_id) REFERENCES public.auth_user(id) DEFERRABLE INITIALLY DEFERRED;


--
-- PostgreSQL database dump complete
--

